identifier,compound,positive,neutral,negative,year
22057,0.9801,0.145,0.777,0.078,1952
22077,0.9846,0.10300000000000001,0.8220000000000001,0.075,1952
26161,0.9393,0.08900000000000001,0.8590000000000001,0.052000000000000005,1957
29472,0.912,0.078,0.889,0.033,1960
29506,0.9968,0.121,0.85,0.027999999999999997,1960
31871,0.9996,0.14,0.8190000000000001,0.040999999999999995,1962
32879,0.9958,0.177,0.767,0.057,1962
35038,0.9911,0.147,0.753,0.10099999999999999,1964
37131,0.9917,0.156,0.8,0.044000000000000004,1966
40865,0.9995,0.147,0.769,0.084,1969
43770,0.9966,0.113,0.8490000000000001,0.039,1972
44385,0.9915,0.129,0.785,0.087,1972
45172,0.9951,0.08,0.899,0.021,1973
46364,-0.9059999999999999,0.052000000000000005,0.8759999999999999,0.07200000000000001,1960
46915,0.9973,0.11199999999999999,0.8590000000000001,0.027999999999999997,1960
47050,0.988,0.128,0.797,0.075,1975
48245,0.9670000000000001,0.107,0.836,0.057,1976
48453,0.9973,0.125,0.797,0.078,1976
49453,0.9994,0.14,0.8270000000000001,0.033,1977
50447,-0.6756,0.122,0.759,0.11900000000000001,1978
52035,0.9977,0.138,0.768,0.094,1980
53031,0.9838,0.10800000000000001,0.858,0.035,1981
53078,0.9827,0.122,0.851,0.026000000000000002,1981
53188,-0.0928,0.071,0.858,0.07,1981
53192,0.7978,0.079,0.861,0.059000000000000004,1981
54130,0.9815,0.08800000000000001,0.904,0.006999999999999999,1981
54254,0.9959,0.11,0.86,0.03,1981
54384,0.4391,0.067,0.884,0.05,1982
54695,0.9948,0.149,0.838,0.012,1982
55293,0.9984,0.142,0.79,0.068,1982
56223,0.9964,0.14800000000000002,0.8370000000000001,0.013999999999999999,1983
56265,0.9959,0.127,0.787,0.086,1983
56511,0.9995,0.13699999999999998,0.813,0.051,1983
57080,0.9395,0.095,0.8590000000000001,0.046,1983
57531,0.9675,0.10300000000000001,0.8109999999999999,0.086,1984
58834,0.9965,0.09300000000000001,0.865,0.042,2000
59011,0.9468,0.12,0.8029999999999999,0.078,2000
59033,0.2705,0.067,0.875,0.059000000000000004,2000
59431,0.9723,0.09300000000000001,0.8740000000000001,0.033,2000
59856,0.7223,0.08199999999999999,0.856,0.062,1986
59923,0.4822,0.096,0.8420000000000001,0.062,1986
59949,0.9984,0.162,0.769,0.07,1986
60013,0.9988,0.136,0.81,0.054000000000000006,1986
60160,0.9945,0.12300000000000001,0.809,0.068,1986
60251,0.9912,0.162,0.807,0.031,1986
60283,0.1027,0.046,0.909,0.045,1986
60303,0.9977,0.152,0.8190000000000001,0.028999999999999998,1986
60347,0.9882,0.107,0.82,0.07200000000000001,1986
60722,0.9989,0.19,0.773,0.037000000000000005,1986
60759,0.9909,0.147,0.815,0.039,1987
60817,0.9907,0.106,0.8290000000000001,0.065,1987
60892,0.9829,0.11199999999999999,0.836,0.052000000000000005,1987
60895,0.5407,0.111,0.7829999999999999,0.106,1987
60978,0.7121,0.091,0.841,0.068,1987
61003,-0.8124,0.077,0.826,0.098,1987
61277,0.9918,0.172,0.82,0.008,1987
61297,0.9259999999999999,0.1,0.83,0.07,1987
61321,0.9222,0.079,0.885,0.035,1987
61328,0.9906,0.124,0.84,0.036000000000000004,1987
61514,0.9999,0.156,0.802,0.042,1987
61554,0.9995,0.16699999999999998,0.7909999999999999,0.042,1987
61608,0.9906,0.115,0.858,0.027000000000000003,1987
61763,-0.6626,0.042,0.9059999999999999,0.052000000000000005,1987
61827,0.9451,0.091,0.872,0.037000000000000005,1987
61876,0.9992,0.21,0.6659999999999999,0.124,1987
61901,0.9956,0.16399999999999998,0.7809999999999999,0.055,1987
61953,0.9773,0.11800000000000001,0.828,0.054000000000000006,1987
62046,0.2542,0.049,0.905,0.046,1988
62121,0.9977,0.13699999999999998,0.7959999999999999,0.067,1988
62126,0.9954,0.106,0.8320000000000001,0.062,1988
62310,0.8019,0.1,0.8240000000000001,0.076,1988
62316,0.9943,0.156,0.787,0.057,1988
62495,0.7366,0.095,0.8170000000000001,0.08800000000000001,1988
62502,0.9966,0.19899999999999998,0.723,0.079,1988
62649,0.9255,0.111,0.8170000000000001,0.07200000000000001,1988
62970,0.8338,0.086,0.866,0.049,1988
62993,0.938,0.08800000000000001,0.872,0.04,1988
63042,0.9889,0.092,0.8690000000000001,0.039,1988
63116,-0.9729,0.113,0.741,0.146,1988
63196,0.8854,0.075,0.8740000000000001,0.051,1989
63257,0.9973,0.12300000000000001,0.802,0.075,1989
63291,0.9987,0.159,0.816,0.025,1989
63339,0.9941,0.08900000000000001,0.8440000000000001,0.067,1989
63430,0.9967,0.124,0.821,0.055,1989
63462,0.9966,0.121,0.8109999999999999,0.067,1989
63492,-0.1386,0.10099999999999999,0.799,0.1,1989
63507,0.9948,0.1,0.8590000000000001,0.042,1989
63528,0.9967,0.096,0.887,0.017,1989
63546,0.9974,0.115,0.815,0.07,1989
63623,0.9952,0.127,0.795,0.079,1989
63630,0.9976,0.11599999999999999,0.84,0.044000000000000004,1989
63682,0.9977,0.115,0.856,0.027999999999999997,1989
63687,0.9961,0.13,0.797,0.073,1989
63705,0.9774,0.124,0.866,0.01,1989
63748,0.951,0.13699999999999998,0.752,0.111,1989
63772,0.9664,0.131,0.7909999999999999,0.078,1989
63840,0.9649,0.10099999999999999,0.8540000000000001,0.045,1989
63910,0.9777,0.043,0.9309999999999999,0.026000000000000002,1989
64169,0.9979,0.11900000000000001,0.848,0.033,1989
64181,0.9997,0.115,0.838,0.047,1989
64199,0.9883,0.114,0.8290000000000001,0.057999999999999996,1989
64244,0.9887,0.10400000000000001,0.85,0.046,1989
64398,0.3946,0.05,0.9159999999999999,0.034,1989
64418,0.667,0.08,0.8420000000000001,0.078,1989
64475,0.9993,0.133,0.8190000000000001,0.048,1989
64483,0.9966,0.07,0.889,0.040999999999999995,1989
64674,0.9686,0.08900000000000001,0.8440000000000001,0.067,1990
64680,0.9952,0.15,0.764,0.086,1990
64683,0.9388,0.09699999999999999,0.825,0.078,1990
64752,0.9974,0.153,0.773,0.07400000000000001,1990
64806,0.9885,0.109,0.845,0.047,1990
64808,0.9994,0.136,0.8370000000000001,0.027000000000000003,1990
64824,0.9962,0.14800000000000002,0.779,0.073,1990
64861,0.9998,0.147,0.777,0.076,1990
64864,0.9904,0.071,0.9229999999999999,0.006,1990
64872,0.9918,0.08199999999999999,0.882,0.036000000000000004,1990
64878,0.9684,0.083,0.88,0.038,1990
64894,0.9346,0.105,0.835,0.06,1990
64921,0.9516,0.08199999999999999,0.872,0.046,1990
64952,0.9811,0.078,0.8959999999999999,0.026000000000000002,1990
64953,0.9345,0.094,0.853,0.053,1990
64983,0.9934,0.14300000000000002,0.765,0.092,1990
65004,0.9883,0.128,0.7859999999999999,0.086,1990
65023,0.9902,0.113,0.8290000000000001,0.057999999999999996,1990
65042,0.9777,0.10300000000000001,0.8640000000000001,0.033,1990
65046,0.997,0.10400000000000001,0.851,0.045,1990
65047,0.9949,0.132,0.8029999999999999,0.065,1990
65048,0.9924,0.09,0.9009999999999999,0.01,1990
65089,0.9876,0.086,0.883,0.032,1990
65090,0.9884,0.10300000000000001,0.866,0.032,1990
65098,0.9906,0.091,0.855,0.054000000000000006,1990
65107,0.9955,0.084,0.902,0.013999999999999999,1990
65111,0.9486,0.066,0.892,0.042,1990
65118,0.9238,0.084,0.9159999999999999,0.0,1990
65168,-0.9799,0.055,0.853,0.092,1990
65174,0.992,0.106,0.863,0.032,1990
65234,0.9993,0.138,0.8290000000000001,0.033,1990
65236,0.9969,0.13,0.8140000000000001,0.055999999999999994,1990
65265,0.9956,0.096,0.87,0.035,1990
65305,0.9953,0.128,0.8190000000000001,0.053,1990
65370,0.8848,0.10099999999999999,0.8220000000000001,0.077,1990
65373,0.9966,0.161,0.765,0.075,1990
65392,0.9284,0.128,0.7709999999999999,0.10099999999999999,1990
65393,0.3503,0.052000000000000005,0.903,0.045,1990
65429,0.9938,0.11699999999999999,0.861,0.022000000000000002,1990
65454,0.9834,0.098,0.872,0.03,1990
65502,0.998,0.086,0.8540000000000001,0.06,1990
65537,0.9990000000000001,0.092,0.857,0.051,1990
65564,0.9977,0.094,0.855,0.051,1990
65584,0.9986,0.078,0.8859999999999999,0.036000000000000004,1990
65625,0.9958,0.125,0.816,0.059000000000000004,1990
65641,0.9956,0.10300000000000001,0.871,0.026000000000000002,1990
65654,0.9971,0.134,0.8140000000000001,0.052000000000000005,1990
65682,0.9692,0.114,0.785,0.10099999999999999,1990
65726,0.9891,0.141,0.795,0.064,1990
65762,0.9973,0.146,0.8079999999999999,0.046,1990
65783,0.8334,0.086,0.8390000000000001,0.075,1990
65811,0.997,0.092,0.894,0.013999999999999999,1990
65833,0.9976,0.105,0.825,0.07,1990
65867,-0.7388,0.084,0.8140000000000001,0.10099999999999999,1990
65895,-0.9883,0.10400000000000001,0.769,0.127,1990
65951,0.9741,0.096,0.858,0.046,1990
66014,0.997,0.145,0.795,0.059000000000000004,1990
66038,0.998,0.1,0.875,0.025,1990
66074,0.9914,0.115,0.8240000000000001,0.061,1990
66097,0.9888,0.111,0.857,0.032,1990
66131,-0.995,0.08900000000000001,0.782,0.129,1990
66190,0.9916,0.10800000000000001,0.8370000000000001,0.055,1990
66286,0.9989,0.121,0.855,0.024,1991
66318,0.9939,0.129,0.85,0.021,1991
66384,0.9946,0.127,0.784,0.08900000000000001,1991
66435,0.9929,0.122,0.8590000000000001,0.019,1991
66458,0.9866,0.151,0.7809999999999999,0.068,1991
66520,-0.9713,0.09,0.8059999999999999,0.10400000000000001,1991
66551,0.9771,0.094,0.8420000000000001,0.064,1991
66613,0.9205,0.11800000000000001,0.795,0.08800000000000001,1991
66619,0.9888,0.111,0.823,0.067,1991
66623,0.9932,0.149,0.8109999999999999,0.04,1991
66690,0.9919,0.099,0.831,0.07,1991
66691,-0.8578,0.057,0.877,0.066,1991
66705,-0.9365,0.061,0.865,0.07400000000000001,1991
66713,0.9669,0.109,0.805,0.087,1991
66762,0.9989,0.133,0.8240000000000001,0.043,1991
66772,0.9971,0.11699999999999999,0.836,0.047,1991
66783,0.9867,0.129,0.8109999999999999,0.06,1991
66811,0.9907,0.12300000000000001,0.851,0.026000000000000002,1991
66821,0.9826,0.156,0.807,0.037000000000000005,1991
66860,0.9943,0.127,0.8140000000000001,0.059000000000000004,1991
66872,0.9048,0.134,0.74,0.126,1991
66884,-0.8483,0.084,0.8140000000000001,0.102,1991
66933,0.9977,0.14,0.792,0.068,1991
66991,0.9917,0.153,0.813,0.034,1991
66994,0.9996,0.152,0.797,0.051,1991
67007,0.9982,0.142,0.795,0.063,1991
67027,0.9709,0.084,0.85,0.066,1991
67056,0.9989,0.14,0.7959999999999999,0.064,1991
67101,0.9342,0.079,0.873,0.049,1991
67132,0.9945,0.14800000000000002,0.813,0.039,1991
67140,0.4167,0.055,0.892,0.052000000000000005,1991
67154,0.9861,0.128,0.836,0.036000000000000004,1991
67158,0.9756,0.094,0.867,0.039,1991
67225,0.9114,0.085,0.871,0.044000000000000004,1991
67227,0.9965,0.111,0.845,0.043,1991
67237,-0.6925,0.073,0.8390000000000001,0.08800000000000001,1991
67252,0.9974,0.193,0.775,0.031,1991
67271,0.7635,0.133,0.759,0.10800000000000001,1991
67277,0.98,0.08199999999999999,0.8909999999999999,0.027000000000000003,1991
67300,0.9325,0.061,0.9390000000000001,0.0,1991
67304,0.9828,0.18,0.693,0.126,1991
67318,0.9914,0.10099999999999999,0.852,0.047,1991
67342,0.9989,0.092,0.8859999999999999,0.022000000000000002,1991
67383,0.9982,0.136,0.8440000000000001,0.02,1991
67387,0.9789,0.063,0.9109999999999999,0.026000000000000002,1991
67388,0.8843,0.10800000000000001,0.81,0.08199999999999999,1991
67432,0.9868,0.12300000000000001,0.833,0.043,1991
67446,0.2397,0.07400000000000001,0.863,0.062,1991
67498,0.997,0.111,0.8320000000000001,0.057999999999999996,1992
67644,0.9824,0.098,0.863,0.039,1992
67677,0.9783,0.11599999999999999,0.785,0.099,1992
67684,0.9059999999999999,0.115,0.8059999999999999,0.079,1992
67701,0.9825,0.133,0.8220000000000001,0.045,1992
67743,0.9961,0.109,0.853,0.038,1992
67807,0.9946,0.145,0.804,0.05,1992
67907,0.998,0.147,0.816,0.036000000000000004,1992
67927,0.9892,0.161,0.72,0.11800000000000001,1992
67962,0.9933,0.124,0.7859999999999999,0.09,1992
68000,-0.9496,0.096,0.792,0.11199999999999999,1992
68001,-0.53,0.10099999999999999,0.792,0.106,1992
68013,0.8711,0.1,0.807,0.09300000000000001,1992
68050,0.9938,0.128,0.856,0.017,1992
68099,0.9962,0.14300000000000002,0.782,0.075,1992
68109,0.8172,0.107,0.893,0.0,1992
68120,0.9982,0.14400000000000002,0.8009999999999999,0.055999999999999994,1992
68123,0.9955,0.11800000000000001,0.8009999999999999,0.081,1992
68133,0.9978,0.149,0.7909999999999999,0.06,1992
68152,0.9932,0.136,0.804,0.06,1992
68165,0.9346,0.076,0.8640000000000001,0.06,1992
68166,0.9955,0.13699999999999998,0.785,0.079,1992
68195,0.9761,0.08900000000000001,0.885,0.026000000000000002,1992
68227,-0.0093,0.121,0.76,0.11900000000000001,1992
68294,0.9716,0.091,0.883,0.026000000000000002,1992
68393,0.9713,0.13,0.831,0.039,1992
68445,0.9951,0.121,0.809,0.07,1992
68446,0.9915,0.127,0.7879999999999999,0.084,1992
68524,0.9904,0.127,0.7909999999999999,0.08199999999999999,1992
68548,0.9088,0.10300000000000001,0.8109999999999999,0.086,1992
68575,0.99,0.121,0.865,0.013999999999999999,1992
68655,0.9998,0.21100000000000002,0.763,0.027000000000000003,1992
68669,0.9868,0.087,0.863,0.05,1992
68671,0.9888,0.166,0.769,0.065,1992
68700,0.9974,0.188,0.7609999999999999,0.051,1992
68760,0.9941,0.115,0.8079999999999999,0.077,1992
68780,0.9919,0.11900000000000001,0.85,0.032,1992
68837,0.9745,0.069,0.879,0.052000000000000005,1992
68840,-0.8062,0.055,0.887,0.057999999999999996,1992
68872,0.9749,0.11199999999999999,0.866,0.021,1993
68881,0.9993,0.179,0.735,0.086,1993
68922,0.998,0.14300000000000002,0.794,0.062,1993
68956,0.9573,0.052000000000000005,0.9129999999999999,0.035,1993
69023,0.9966,0.10099999999999999,0.885,0.013000000000000001,1993
69127,0.938,0.109,0.861,0.028999999999999998,1993
69130,0.9999,0.106,0.857,0.037000000000000005,1993
69135,0.9973,0.141,0.8220000000000001,0.038,1993
69159,0.9378,0.059000000000000004,0.897,0.044000000000000004,1993
69177,0.9816,0.10400000000000001,0.843,0.053,1993
69194,0.9873,0.109,0.857,0.034,1993
69241,0.9536,0.12300000000000001,0.797,0.08,1993
69257,0.9856,0.106,0.868,0.026000000000000002,1993
69259,0.8718,0.057999999999999996,0.904,0.038,1993
69277,0.9618,0.075,0.8909999999999999,0.034,1993
69284,0.9457,0.07200000000000001,0.868,0.06,1993
69305,0.987,0.085,0.866,0.049,1993
69314,0.9936,0.10300000000000001,0.841,0.055999999999999994,1993
69316,0.9904,0.068,0.897,0.035,1993
69329,0.9577,0.10400000000000001,0.821,0.075,1993
69333,0.9972,0.183,0.772,0.044000000000000004,1993
69354,-0.9532,0.085,0.818,0.09699999999999999,1993
69382,0.9932,0.135,0.772,0.094,1993
69413,0.9985,0.126,0.812,0.062,1993
69448,0.9989,0.11199999999999999,0.866,0.022000000000000002,1993
69460,0.9853,0.128,0.782,0.091,1993
69518,0.9929,0.122,0.799,0.08,1993
69558,0.9691,0.079,0.867,0.054000000000000006,1993
69563,0.9666,0.087,0.872,0.040999999999999995,1993
69572,0.9584,0.075,0.903,0.023,1993
69588,0.9679,0.081,0.862,0.057,1993
69661,0.9014,0.075,0.87,0.055,1993
69679,0.3061,0.087,0.833,0.08,1993
69695,0.9888,0.092,0.877,0.031,1993
69729,0.9972,0.165,0.792,0.043,1993
69793,0.9915,0.079,0.903,0.018000000000000002,1993
69815,0.9503,0.059000000000000004,0.8959999999999999,0.045,1993
69831,-0.9981,0.084,0.772,0.14400000000000002,1993
69833,0.9945,0.102,0.848,0.049,1993
69854,0.9966,0.147,0.7709999999999999,0.08199999999999999,1993
69886,0.9928,0.114,0.812,0.07400000000000001,1993
69946,0.9872,0.113,0.81,0.077,1993
69978,0.8224,0.09,0.83,0.079,1993
69994,0.9895,0.105,0.8190000000000001,0.076,1993
70011,0.9891,0.10400000000000001,0.8340000000000001,0.061,1993
70012,0.9844,0.16899999999999998,0.7490000000000001,0.08199999999999999,1993
70073,0.9957,0.11,0.838,0.052000000000000005,1993
70086,0.9246,0.076,0.9059999999999999,0.018000000000000002,1993
70129,0.9925,0.139,0.82,0.040999999999999995,1993
70206,0.9735,0.10400000000000001,0.813,0.083,1993
70280,0.9601,0.133,0.765,0.102,1993
70294,0.978,0.113,0.87,0.017,1993
70304,0.9877,0.113,0.8590000000000001,0.027999999999999997,1993
70335,0.8976,0.131,0.7659999999999999,0.10300000000000001,1993
70374,0.9931,0.13,0.7909999999999999,0.079,1993
70413,0.9667,0.13,0.812,0.057,1993
70427,0.9456,0.061,0.8859999999999999,0.053,1993
70432,0.9737,0.049,0.917,0.034,1993
70451,0.9991,0.17300000000000001,0.731,0.096,1993
70459,0.9987,0.105,0.873,0.021,1993
70484,0.9986,0.153,0.76,0.087,1993
70521,-0.995,0.08199999999999999,0.804,0.113,1993
70522,-0.9722,0.075,0.826,0.098,1993
70577,0.9974,0.14400000000000002,0.7979999999999999,0.057999999999999996,1993
70694,0.9977,0.136,0.8140000000000001,0.05,1994
70725,0.9888,0.152,0.792,0.055999999999999994,1994
70731,0.9959,0.084,0.893,0.023,1994
70734,0.995,0.16399999999999998,0.7759999999999999,0.06,1994
70749,0.9995,0.138,0.767,0.095,1994
70761,0.9985,0.17600000000000002,0.787,0.038,1994
70765,0.9905,0.11900000000000001,0.8,0.081,1994
70783,0.9988,0.138,0.836,0.025,1994
70795,0.9998,0.168,0.789,0.044000000000000004,1994
70808,0.978,0.124,0.838,0.037000000000000005,1994
70810,0.998,0.111,0.8390000000000001,0.05,1994
70832,0.9885,0.128,0.8420000000000001,0.03,1994
70861,0.9944,0.086,0.898,0.016,1994
70873,0.9953,0.131,0.7979999999999999,0.071,1994
70921,0.9851,0.16899999999999998,0.722,0.109,1994
70928,0.9994,0.098,0.8270000000000001,0.075,1994
70959,0.997,0.11900000000000001,0.835,0.046,1994
70984,0.9990000000000001,0.16899999999999998,0.785,0.046,1994
71007,0.9959,0.113,0.843,0.044000000000000004,1994
71018,0.9816,0.129,0.8320000000000001,0.039,1994
71053,0.9977,0.14400000000000002,0.775,0.081,1994
71091,-0.6605,0.091,0.813,0.096,1994
71099,0.9797,0.10400000000000001,0.816,0.08,1994
71101,0.7909999999999999,0.05,0.924,0.026000000000000002,1994
71107,0.993,0.14,0.765,0.095,1994
71121,0.9995,0.193,0.78,0.027000000000000003,1994
71127,0.9984,0.171,0.753,0.076,1994
71129,0.9907,0.107,0.8140000000000001,0.079,1994
71146,0.9936,0.127,0.8009999999999999,0.07200000000000001,1994
71147,0.9891,0.11800000000000001,0.833,0.049,1994
71190,0.9990000000000001,0.175,0.763,0.062,1994
71237,0.9849,0.11,0.8109999999999999,0.079,1994
71246,0.9642,0.09300000000000001,0.878,0.028999999999999998,1994
71249,0.9628,0.11699999999999999,0.821,0.061,1994
71286,0.9996,0.14,0.769,0.092,1994
71328,0.9624,0.131,0.825,0.044000000000000004,1994
71382,0.9967,0.15,0.7559999999999999,0.094,1994
71393,0.9874,0.087,0.856,0.057,1994
71400,0.9867,0.11900000000000001,0.86,0.022000000000000002,1994
71405,0.3296,0.085,0.8240000000000001,0.09,1994
71406,0.9982,0.115,0.857,0.027999999999999997,1994
71451,-0.6847,0.045,0.899,0.055999999999999994,1994
71480,0.9887,0.09300000000000001,0.851,0.055999999999999994,1994
71494,-0.971,0.061,0.804,0.134,1994
71526,0.993,0.10300000000000001,0.847,0.05,1994
71558,0.9971,0.18600000000000003,0.74,0.07400000000000001,1994
71610,0.9427,0.091,0.87,0.039,1994
71619,0.9661,0.099,0.823,0.078,1994
71627,0.9988,0.162,0.78,0.057999999999999996,1994
71652,0.9902,0.109,0.8240000000000001,0.067,1994
71654,0.387,0.059000000000000004,0.88,0.06,1994
71727,0.9534,0.07400000000000001,0.893,0.033,1994
71745,0.9977,0.127,0.802,0.07200000000000001,1994
71778,0.7494,0.10300000000000001,0.805,0.091,1994
71955,0.9967,0.14800000000000002,0.76,0.092,1994
71967,-0.9795,0.076,0.7809999999999999,0.14300000000000002,1994
72030,0.9732,0.109,0.8079999999999999,0.083,1957
72039,0.9962,0.11599999999999999,0.8140000000000001,0.07,1957
72059,0.9929,0.151,0.8290000000000001,0.02,1957
72060,-0.0745,0.08,0.836,0.084,1957
72100,0.9999,0.145,0.77,0.085,1957
72106,0.8952,0.096,0.821,0.084,1957
72110,-0.9517,0.081,0.8009999999999999,0.11800000000000001,1957
72126,0.9989,0.128,0.831,0.040999999999999995,1957
72164,0.987,0.11599999999999999,0.85,0.034,1957
72169,-0.9694,0.08,0.794,0.126,1957
72191,-0.9945,0.10099999999999999,0.7509999999999999,0.14800000000000002,1957
72212,0.9527,0.07,0.894,0.036000000000000004,1957
72219,0.9990000000000001,0.121,0.835,0.044000000000000004,1957
72229,0.9972,0.14800000000000002,0.8220000000000001,0.03,1957
72259,0.9773,0.09300000000000001,0.892,0.015,1957
72305,0.9981,0.24,0.728,0.032,1957
72325,0.9936,0.092,0.862,0.046,1957
72415,0.9918,0.073,0.9059999999999999,0.021,1957
72426,0.8184,0.059000000000000004,0.889,0.052000000000000005,1957
72434,-0.6653,0.12,0.7659999999999999,0.114,1957
72438,0.8805,0.10099999999999999,0.799,0.1,1957
72464,0.9974,0.121,0.838,0.040999999999999995,1957
72468,-0.9911,0.10400000000000001,0.747,0.149,1957
72496,0.3116,0.11599999999999999,0.773,0.111,1957
72503,0.9436,0.10300000000000001,0.877,0.02,1957
72505,0.9998,0.152,0.758,0.09,1957
72639,0.9935,0.113,0.815,0.07200000000000001,1957
72643,0.5022,0.131,0.735,0.134,1957
72655,0.995,0.12300000000000001,0.838,0.039,1957
72658,0.9995,0.154,0.8170000000000001,0.028999999999999998,1957
72675,0.9986,0.16,0.767,0.073,1957
72686,0.9982,0.132,0.86,0.009000000000000001,1957
72712,0.993,0.127,0.8440000000000001,0.028999999999999998,1957
72736,0.9202,0.124,0.795,0.08199999999999999,1957
72765,0.9935,0.06,0.9129999999999999,0.026000000000000002,1957
72849,0.9866,0.092,0.858,0.05,1957
72873,0.6478,0.11199999999999999,0.7829999999999999,0.105,1957
72958,0.9971,0.132,0.82,0.048,1957
72987,-0.8453,0.048,0.9,0.052000000000000005,1957
73012,0.9421,0.11,0.804,0.086,1957
73033,0.9009999999999999,0.066,0.907,0.027999999999999997,1957
73039,0.9979,0.11800000000000001,0.8490000000000001,0.033,1957
73167,0.7206,0.05,0.92,0.03,1995
73185,0.9975,0.145,0.812,0.043,1995
73187,-0.3387,0.043,0.9109999999999999,0.046,1995
73210,0.9959,0.157,0.77,0.073,1995
73213,0.9871,0.141,0.7959999999999999,0.062,1995
73225,-0.9779,0.075,0.83,0.095,1995
73246,0.9953,0.13699999999999998,0.831,0.032,1995
73256,0.9909,0.134,0.785,0.081,1995
73313,0.9204,0.129,0.7879999999999999,0.083,1995
73324,0.9996,0.131,0.813,0.055999999999999994,1995
73338,0.9954,0.12,0.818,0.061,1995
73353,0.9953,0.155,0.7809999999999999,0.064,1995
73437,0.9976,0.121,0.8220000000000001,0.057,1995
73438,0.9990000000000001,0.096,0.87,0.034,1995
73440,0.9947,0.11900000000000001,0.858,0.023,1995
73455,0.9979,0.20600000000000002,0.718,0.076,1995
73463,-0.6522,0.068,0.858,0.07400000000000001,1995
73476,0.9896,0.095,0.861,0.044000000000000004,1995
73477,0.992,0.153,0.7609999999999999,0.087,1995
73478,0.9458,0.057,0.9129999999999999,0.03,1995
73485,0.9989,0.126,0.8220000000000001,0.052000000000000005,1995
73497,0.9352,0.086,0.866,0.048,1995
73559,0.9927,0.114,0.83,0.055999999999999994,1995
73560,0.9940000000000001,0.128,0.815,0.055999999999999994,1995
73574,0.9904,0.17800000000000002,0.807,0.015,1995
73581,0.1531,0.068,0.8590000000000001,0.07400000000000001,1995
73618,0.9547,0.11599999999999999,0.784,0.1,1995
73635,0.9967,0.128,0.8190000000000001,0.053,1995
73642,0.9808,0.113,0.8390000000000001,0.049,1995
73695,0.9981,0.192,0.7979999999999999,0.01,1995
73745,0.9902,0.078,0.9059999999999999,0.017,1995
73792,0.9928,0.12,0.821,0.059000000000000004,1995
73846,0.9986,0.146,0.8009999999999999,0.053,1995
73961,0.9784,0.038,0.943,0.019,1995
73967,0.9416,0.038,0.932,0.028999999999999998,1995
73992,0.9983,0.185,0.75,0.065,1995
74103,0.9968,0.11900000000000001,0.833,0.048,1995
74109,0.9721,0.11199999999999999,0.83,0.059000000000000004,1995
74147,0.9997,0.13699999999999998,0.7829999999999999,0.08,1995
74151,-0.9538,0.044000000000000004,0.863,0.09300000000000001,1995
74174,0.9932,0.115,0.825,0.06,1995
74175,0.9682,0.037000000000000005,0.9390000000000001,0.024,1995
74219,0.9405,0.049,0.91,0.040999999999999995,1995
74234,0.9891,0.096,0.853,0.051,1995
74244,0.8068,0.061,0.9009999999999999,0.038,1995
74258,0.9992,0.14400000000000002,0.809,0.047,1995
74260,0.9265,0.08800000000000001,0.8390000000000001,0.073,1995
74282,0.965,0.094,0.866,0.04,1995
74293,0.995,0.14,0.812,0.048,1995
74330,0.9997,0.125,0.828,0.047,1995
74348,0.9769,0.115,0.816,0.069,1995
74354,0.9990000000000001,0.059000000000000004,0.915,0.027000000000000003,1995
74362,0.9974,0.125,0.818,0.057,1995
74363,-0.9064,0.061,0.87,0.069,1995
74366,0.9501,0.068,0.9129999999999999,0.019,1995
74372,0.9976,0.18100000000000002,0.716,0.10300000000000001,1995
74434,0.996,0.105,0.857,0.038,1995
74442,0.9998,0.14400000000000002,0.807,0.049,1995
74474,-0.6655,0.083,0.835,0.08199999999999999,1995
74476,0.996,0.13699999999999998,0.78,0.083,1995
74485,0.9994,0.12,0.826,0.054000000000000006,1995
74503,0.9737,0.095,0.8909999999999999,0.013999999999999999,1995
74510,0.9941,0.11800000000000001,0.8190000000000001,0.063,1995
74518,0.9943,0.114,0.821,0.066,1995
74536,0.9558,0.11,0.8290000000000001,0.061,1995
74543,0.9467,0.107,0.83,0.063,1995
74549,0.9977,0.203,0.7240000000000001,0.073,1995
74563,0.9922,0.125,0.804,0.07,1995
74572,-0.7351,0.07,0.8029999999999999,0.127,1995
74649,0.9940000000000001,0.121,0.848,0.03,1995
74654,0.9891,0.12300000000000001,0.8029999999999999,0.07400000000000001,1995
74666,0.9274,0.096,0.853,0.051,1995
74770,0.9984,0.159,0.755,0.086,1995
74776,0.9598,0.075,0.915,0.01,1995
74820,0.5995,0.077,0.85,0.07200000000000001,1995
74977,-0.5824,0.037000000000000005,0.872,0.091,1995
74998,0.9838,0.092,0.87,0.038,1995
75000,0.8883,0.099,0.813,0.08800000000000001,1995
75027,0.9978,0.134,0.809,0.057,1995
75029,0.998,0.149,0.785,0.066,1995
75064,0.9957,0.092,0.879,0.03,1995
75065,0.9923,0.105,0.8370000000000001,0.057,1995
75074,0.9919,0.14300000000000002,0.77,0.087,1995
75099,0.9846,0.12300000000000001,0.823,0.054000000000000006,1995
75209,0.9997,0.12,0.828,0.051,1995
75210,0.9994,0.105,0.831,0.064,1995
75242,0.9971,0.10400000000000001,0.875,0.021,1995
75252,0.9997,0.139,0.8109999999999999,0.05,1995
75284,0.9869,0.159,0.8029999999999999,0.038,1995
75327,0.9978,0.071,0.909,0.019,1996
75351,0.9942,0.159,0.787,0.054000000000000006,1996
75428,0.9973,0.14,0.833,0.027000000000000003,1996
75442,0.9301,0.043,0.943,0.013999999999999999,1996
75465,0.9334,0.071,0.899,0.03,1996
75497,0.9982,0.14,0.821,0.039,1996
75539,0.9890000000000001,0.106,0.841,0.053,1996
75584,0.9953,0.16,0.799,0.040999999999999995,1996
75619,0.9938,0.091,0.861,0.048,1996
75620,0.9829,0.132,0.789,0.079,1996
75621,0.9912,0.147,0.8220000000000001,0.031,1996
75622,0.9694,0.115,0.8059999999999999,0.08,1996
75640,0.9949,0.12300000000000001,0.8009999999999999,0.075,1996
75651,0.9993,0.147,0.805,0.048,1996
75652,0.9992,0.142,0.81,0.048,1996
75659,0.9984,0.187,0.727,0.087,1996
75681,0.9995,0.154,0.823,0.023,1996
75684,0.9884,0.075,0.895,0.03,1996
75690,0.9995,0.135,0.799,0.066,1996
75691,0.9985,0.107,0.861,0.032,1996
75697,0.9929,0.122,0.813,0.065,1996
75708,0.9845,0.122,0.831,0.047,1996
75740,0.9919,0.11699999999999999,0.831,0.052000000000000005,1996
75742,0.9545,0.091,0.8590000000000001,0.051,1996
75758,0.9898,0.13699999999999998,0.821,0.043,1996
75767,0.9964,0.07,0.8959999999999999,0.034,1996
75809,0.9934,0.11199999999999999,0.838,0.05,1996
75877,0.9959,0.105,0.866,0.028999999999999998,1996
75905,0.9836,0.107,0.838,0.055,1996
75907,0.9972,0.073,0.9009999999999999,0.026000000000000002,1996
75998,0.9933,0.049,0.932,0.018000000000000002,1996
76117,0.9979,0.126,0.82,0.054000000000000006,1996
76136,0.9994,0.179,0.774,0.048,1996
76216,0.9009999999999999,0.09,0.838,0.073,1996
76223,-0.6731,0.085,0.8190000000000001,0.096,1996
76228,0.9941,0.109,0.835,0.055999999999999994,1996
76244,0.9986,0.177,0.743,0.081,1996
76272,0.9997,0.131,0.8220000000000001,0.046,1996
76308,0.9998,0.147,0.8059999999999999,0.047,1996
76318,-0.9965,0.075,0.758,0.16699999999999998,1996
76320,0.9924,0.141,0.802,0.055999999999999994,1996
76341,-0.6922,0.066,0.8690000000000001,0.065,1996
76345,0.9663,0.043,0.93,0.027000000000000003,1996
76367,0.9714,0.096,0.8420000000000001,0.062,1996
76378,0.6816,0.059000000000000004,0.8909999999999999,0.05,1996
76411,0.9526,0.086,0.8540000000000001,0.06,1996
76452,0.9935,0.142,0.7609999999999999,0.098,1996
76558,0.9968,0.11800000000000001,0.8390000000000001,0.043,1996
76591,-0.9138,0.10300000000000001,0.789,0.10800000000000001,1996
76617,0.7425,0.081,0.904,0.015,1996
76651,0.8674,0.066,0.879,0.055,1996
76653,0.9935,0.055,0.9159999999999999,0.028999999999999998,1996
76740,0.9623,0.113,0.83,0.057,1996
76835,0.9824,0.081,0.9009999999999999,0.018000000000000002,1996
76855,0.9405,0.1,0.845,0.055,1996
76856,0.9975,0.149,0.79,0.061,1996
76882,0.9932,0.109,0.857,0.035,1996
76884,0.6762,0.06,0.884,0.055999999999999994,1996
76916,0.7579,0.07,0.93,0.0,1996
76927,0.9958,0.16,0.785,0.055,1996
76948,0.998,0.11699999999999999,0.865,0.019,1996
76962,0.9953,0.133,0.82,0.046,1996
77036,0.997,0.138,0.792,0.069,1996
77075,0.9994,0.18,0.773,0.047,1996
77115,0.9957,0.109,0.852,0.039,1996
77124,0.5204,0.037000000000000005,0.9329999999999999,0.03,1996
77150,0.9612,0.15,0.731,0.11900000000000001,1996
77161,0.9952,0.146,0.784,0.07,1996
77220,0.9403,0.081,0.903,0.016,1996
77244,0.9982,0.141,0.823,0.036000000000000004,1996
77302,0.9876,0.078,0.9109999999999999,0.011000000000000001,1996
77395,0.987,0.141,0.7979999999999999,0.062,1997
77417,0.9934,0.122,0.821,0.055999999999999994,1997
77430,0.996,0.126,0.836,0.037000000000000005,1997
77489,0.988,0.11599999999999999,0.8170000000000001,0.067,1997
77490,0.9957,0.16899999999999998,0.8220000000000001,0.008,1997
77491,0.9948,0.099,0.843,0.057999999999999996,1997
77501,0.9964,0.14300000000000002,0.7859999999999999,0.071,1997
77532,0.9987,0.152,0.813,0.035,1997
77548,-0.9891,0.09300000000000001,0.797,0.11,1997
77598,0.9973,0.127,0.83,0.043,1997
77603,0.9954,0.147,0.826,0.027000000000000003,1997
77644,0.9962,0.124,0.8220000000000001,0.054000000000000006,1997
77659,0.9988,0.145,0.789,0.066,1997
77762,-0.9687,0.062,0.841,0.09699999999999999,1997
77800,0.9983,0.159,0.787,0.054000000000000006,1997
77856,0.9962,0.066,0.8959999999999999,0.039,1997
77857,0.9005,0.099,0.82,0.081,1997
77865,0.9989,0.159,0.8190000000000001,0.022000000000000002,1997
77888,0.9985,0.121,0.852,0.027000000000000003,1997
77889,0.9925,0.106,0.8320000000000001,0.062,1997
77901,0.5267,0.032,0.9359999999999999,0.032,1997
77924,0.9917,0.11,0.82,0.07,1997
77954,0.8264,0.063,0.888,0.049,1997
77997,0.9885,0.11900000000000001,0.82,0.061,1997
78135,0.9987,0.08,0.885,0.035,1997
78140,0.9643,0.11699999999999999,0.79,0.09300000000000001,1997
78141,-0.7253,0.087,0.818,0.095,1997
78150,0.9465,0.10099999999999999,0.8420000000000001,0.057,1997
78162,0.6222,0.067,0.8959999999999999,0.038,1997
78171,-0.8553,0.055,0.85,0.095,1997
78177,0.998,0.08,0.873,0.047,1997
78219,0.9952,0.154,0.792,0.054000000000000006,1997
78227,-0.9836,0.083,0.8240000000000001,0.094,1997
78264,0.9943,0.099,0.866,0.035,1997
78276,0.4005,0.11599999999999999,0.792,0.092,1997
78288,0.8318,0.08,0.875,0.046,1997
78305,0.9966,0.13699999999999998,0.8109999999999999,0.052000000000000005,1997
78311,0.9947,0.122,0.848,0.03,1997
78312,0.9976,0.113,0.8590000000000001,0.027999999999999997,1997
78358,0.9973,0.11699999999999999,0.821,0.061,1997
78362,0.9561,0.08,0.887,0.033,1997
78424,0.7654,0.086,0.861,0.053,1997
78454,0.9997,0.22,0.741,0.039,1997
78457,0.9766,0.24100000000000002,0.743,0.016,1997
78489,0.9956,0.092,0.868,0.04,1997
78508,-0.5106,0.106,0.7829999999999999,0.111,1997
78544,0.9963,0.051,0.938,0.011000000000000001,1997
78560,-0.4651,0.096,0.799,0.105,1997
78571,0.9992,0.087,0.892,0.021,1997
78590,0.9931,0.11199999999999999,0.852,0.036000000000000004,1997
78626,0.9983,0.141,0.794,0.065,1997
78628,0.9981,0.07,0.91,0.019,1997
78679,0.9629,0.09699999999999999,0.877,0.026000000000000002,1997
78681,0.9919,0.133,0.85,0.017,1997
78702,-0.9527,0.10400000000000001,0.7390000000000001,0.157,1997
78733,0.9844,0.085,0.899,0.016,1997
78749,0.9854,0.124,0.8370000000000001,0.04,1997
78766,0.9962,0.135,0.784,0.08199999999999999,1997
78808,0.995,0.191,0.727,0.08199999999999999,1997
78818,0.9923,0.14300000000000002,0.7929999999999999,0.063,1997
78841,0.9965,0.11900000000000001,0.843,0.038,1997
78845,0.9941,0.052000000000000005,0.9279999999999999,0.021,1997
78846,0.9909,0.11599999999999999,0.8029999999999999,0.081,1997
78877,0.9991,0.16,0.7909999999999999,0.048,1997
78883,0.9903,0.086,0.867,0.047,1997
78909,0.9940000000000001,0.11699999999999999,0.8170000000000001,0.066,1997
78932,0.9952,0.158,0.812,0.03,1997
78943,0.9882,0.12,0.81,0.07,1997
78949,-0.9904,0.075,0.8190000000000001,0.106,1997
78958,0.9871,0.079,0.903,0.018000000000000002,1997
78987,0.997,0.146,0.774,0.08,1997
78988,0.9904,0.08800000000000001,0.883,0.028999999999999998,1997
78993,-0.9748,0.065,0.846,0.08900000000000001,1997
78996,0.9743,0.042,0.9359999999999999,0.022000000000000002,1997
79108,0.9988,0.172,0.757,0.071,1997
79111,0.941,0.114,0.7879999999999999,0.098,1997
79131,0.9585,0.12300000000000001,0.82,0.057,1997
79136,0.9898,0.10400000000000001,0.883,0.013000000000000001,1997
79161,-0.9786,0.105,0.7340000000000001,0.16,1997
79323,0.9959,0.057,0.927,0.016,1997
79363,0.9884,0.12,0.8,0.08,1997
79369,0.997,0.069,0.902,0.028999999999999998,1997
79409,0.9903,0.10800000000000001,0.8390000000000001,0.053,1997
79411,0.99,0.067,0.89,0.043,1997
79418,0.6273,0.078,0.85,0.071,1997
79445,0.9892,0.154,0.7190000000000001,0.126,1997
79452,0.9968,0.064,0.9109999999999999,0.025,1997
79459,0.998,0.13,0.838,0.031,1998
79507,0.9976,0.122,0.845,0.032,1998
79553,0.9959,0.109,0.852,0.039,1998
79554,-0.8403,0.054000000000000006,0.883,0.063,1998
79556,0.9978,0.138,0.8029999999999999,0.059000000000000004,1998
79558,-0.9042,0.053,0.855,0.092,1998
79578,0.9946,0.091,0.889,0.02,1998
79637,0.9907,0.055,0.924,0.02,1998
79673,0.9921,0.149,0.797,0.054000000000000006,1998
79721,0.9934,0.155,0.831,0.015,1998
79763,0.9951,0.175,0.7759999999999999,0.049,1998
79776,0.9816,0.141,0.8540000000000001,0.005,1998
79777,0.9984,0.11,0.855,0.035,1998
79778,0.9963,0.11,0.843,0.047,1998
79789,0.9987,0.145,0.807,0.048,1998
79803,0.9913,0.109,0.833,0.057,1998
79808,0.5349,0.07400000000000001,0.877,0.049,1998
79817,0.9876,0.052000000000000005,0.9159999999999999,0.032,1998
79831,0.9784,0.10400000000000001,0.85,0.046,1998
79840,0.8425,0.12300000000000001,0.758,0.11900000000000001,1998
79858,0.9990000000000001,0.094,0.873,0.033,1998
79895,0.9940000000000001,0.14300000000000002,0.765,0.092,1998
79905,0.987,0.057999999999999996,0.914,0.027000000000000003,1998
79912,0.9882,0.122,0.84,0.038,1998
79953,0.9978,0.168,0.755,0.077,1998
79954,0.9786,0.122,0.805,0.073,1998
80012,0.9916,0.141,0.8,0.059000000000000004,1998
80031,0.9965,0.134,0.79,0.076,1998
80042,0.9925,0.109,0.851,0.04,1998
80064,0.9499,0.11800000000000001,0.787,0.095,1998
80065,0.9908,0.11800000000000001,0.804,0.078,1998
80071,0.9948,0.11199999999999999,0.8340000000000001,0.053,1998
80109,0.9934,0.12300000000000001,0.8,0.077,1998
80112,0.9948,0.125,0.8059999999999999,0.069,1998
80113,0.9472,0.126,0.787,0.087,1998
80117,0.9996,0.094,0.866,0.040999999999999995,1998
80120,0.9890000000000001,0.11800000000000001,0.8320000000000001,0.05,1998
80174,0.9708,0.086,0.865,0.049,1998
80193,0.9876,0.12300000000000001,0.863,0.013999999999999999,1998
80208,0.9812,0.084,0.861,0.055,1998
80254,0.9977,0.14400000000000002,0.8390000000000001,0.018000000000000002,1998
80257,0.5707,0.109,0.795,0.096,1998
80258,0.9843,0.064,0.889,0.047,1998
80315,0.9889,0.049,0.92,0.031,1998
80316,0.9981,0.139,0.8140000000000001,0.047,1998
80346,0.9968,0.135,0.802,0.063,1998
80385,0.997,0.107,0.8640000000000001,0.027999999999999997,1998
80390,0.9986,0.10300000000000001,0.85,0.047,1998
80518,0.9981,0.139,0.8,0.062,1998
80526,0.9958,0.139,0.777,0.084,1998
80565,0.2809,0.142,0.731,0.127,1998
80569,0.9986,0.134,0.825,0.04,1998
80582,0.9999,0.175,0.715,0.11,1998
80608,0.9989,0.14400000000000002,0.846,0.01,1998
80609,0.9972,0.128,0.825,0.047,1998
80628,0.9996,0.166,0.7759999999999999,0.057999999999999996,1998
80641,0.9897,0.115,0.821,0.064,1998
80705,0.9468,0.096,0.841,0.064,1998
80750,0.9973,0.057999999999999996,0.924,0.017,1998
80754,0.9884,0.109,0.823,0.068,1998
80799,0.9946,0.124,0.8190000000000001,0.057,1998
80812,0.9977,0.096,0.866,0.037000000000000005,1998
80816,0.9993,0.134,0.8490000000000001,0.018000000000000002,1998
80817,0.9988,0.124,0.847,0.028999999999999998,1998
80822,0.9958,0.086,0.8859999999999999,0.027999999999999997,1998
80858,0.9982,0.10800000000000001,0.856,0.036000000000000004,1998
80893,0.9944,0.094,0.8909999999999999,0.015,1998
80896,0.9971,0.09699999999999999,0.871,0.032,1998
80900,0.9985,0.068,0.915,0.016,1998
80915,0.9998,0.087,0.883,0.028999999999999998,1998
80931,0.9990000000000001,0.094,0.858,0.048,1998
80952,0.9903,0.133,0.8079999999999999,0.059000000000000004,1998
80958,0.9259999999999999,0.069,0.888,0.043,1998
80959,-0.9574,0.051,0.8809999999999999,0.068,1998
80967,0.9961,0.15,0.841,0.008,1998
81056,0.992,0.1,0.852,0.049,1998
81137,0.9977,0.126,0.8240000000000001,0.05,1998
81145,0.9951,0.136,0.78,0.084,1998
81183,-0.95,0.129,0.726,0.145,1998
81196,0.9966,0.128,0.8,0.07200000000000001,1998
81204,0.9999,0.098,0.8859999999999999,0.016,1998
81238,0.9946,0.057999999999999996,0.9059999999999999,0.036000000000000004,1998
81278,0.9981,0.149,0.784,0.067,1998
81305,0.9582,0.10099999999999999,0.85,0.05,1998
81326,0.9988,0.071,0.915,0.013999999999999999,1998
81329,0.9992,0.172,0.7659999999999999,0.061,1998
81409,0.9986,0.121,0.848,0.031,1998
81410,0.5357,0.083,0.846,0.071,1998
81417,0.9998,0.08800000000000001,0.889,0.023,1998
81421,0.9998,0.079,0.894,0.027000000000000003,1998
81473,0.9990000000000001,0.14,0.816,0.043,1998
81481,0.9984,0.068,0.919,0.013000000000000001,1998
81520,0.7189,0.10800000000000001,0.8,0.092,1998
81524,0.996,0.069,0.895,0.036000000000000004,1998
81562,0.9982,0.135,0.8109999999999999,0.054000000000000006,1998
81600,0.9984,0.08199999999999999,0.885,0.034,1998
81602,0.9807,0.096,0.8140000000000001,0.09,1998
81620,0.9911,0.127,0.779,0.094,1998
81642,0.9451,0.069,0.879,0.052000000000000005,1998
81643,-0.9935,0.139,0.662,0.19899999999999998,1998
81662,0.9959,0.142,0.795,0.063,1998
81672,0.9939,0.184,0.7340000000000001,0.08199999999999999,1998
81685,0.7566,0.087,0.856,0.057,1998
81688,0.9887,0.135,0.85,0.015,1998
81690,0.9969,0.124,0.826,0.05,1998
81747,0.997,0.13699999999999998,0.818,0.045,1999
81751,0.9867,0.138,0.7859999999999999,0.076,1999
81756,0.6963,0.038,0.9540000000000001,0.009000000000000001,1999
81776,0.9893,0.125,0.8440000000000001,0.031,1999
81781,-0.9863,0.12,0.736,0.14300000000000002,1999
81783,0.9963,0.135,0.8079999999999999,0.057,1999
81795,0.9897,0.16,0.774,0.066,1999
81824,0.9948,0.105,0.858,0.038,1999
81830,0.9966,0.145,0.7659999999999999,0.08900000000000001,1999
81871,0.9501,0.10300000000000001,0.855,0.042,1999
81914,0.985,0.061,0.914,0.024,1999
81948,0.99,0.10800000000000001,0.875,0.017,1999
81959,0.9996,0.155,0.8059999999999999,0.04,1999
81969,0.9984,0.138,0.825,0.038,1999
81976,0.9773,0.09699999999999999,0.87,0.033,1999
81998,0.9855,0.087,0.871,0.042,1999
82000,0.9967,0.122,0.807,0.071,1999
82076,0.9932,0.055999999999999994,0.9279999999999999,0.016,1999
82080,0.9952,0.065,0.92,0.013999999999999999,1999
82092,0.9928,0.126,0.7709999999999999,0.102,1999
82109,-0.3872,0.124,0.758,0.11800000000000001,1999
82113,0.9951,0.147,0.792,0.06,1999
82148,0.9953,0.09699999999999999,0.867,0.036000000000000004,1999
82151,0.9935,0.099,0.8540000000000001,0.047,1999
82173,0.9647,0.092,0.86,0.049,1999
82200,0.9889,0.142,0.797,0.061,1999
82203,0.9995,0.129,0.835,0.036000000000000004,1999
82232,-0.7131,0.081,0.82,0.099,1999
82239,0.998,0.11,0.866,0.024,1999
82252,0.9996,0.07,0.9159999999999999,0.015,1999
82258,0.9998,0.087,0.887,0.026000000000000002,1999
82285,0.9701,0.134,0.78,0.086,1999
82302,-0.998,0.079,0.777,0.145,1999
82303,0.9957,0.121,0.809,0.07,1999
82308,0.9914,0.064,0.897,0.039,1999
82312,0.9975,0.168,0.755,0.077,1999
82328,0.0489,0.086,0.8220000000000001,0.091,1999
82335,0.9935,0.121,0.847,0.031,1999
82350,0.9959,0.16,0.787,0.053,1999
82364,0.9833,0.11900000000000001,0.784,0.096,1999
82413,0.998,0.068,0.9,0.033,1999
82445,0.9890000000000001,0.106,0.8859999999999999,0.009000000000000001,1999
82446,0.9943,0.146,0.8370000000000001,0.017,1999
82465,0.9973,0.057999999999999996,0.9179999999999999,0.024,1999
82502,-0.9944,0.076,0.797,0.127,1999
82508,0.9957,0.106,0.841,0.053,1999
82514,0.9968,0.11900000000000001,0.828,0.053,1999
82524,0.9959,0.16399999999999998,0.743,0.09300000000000001,1999
82526,0.9891,0.052000000000000005,0.9279999999999999,0.02,1999
82534,0.9938,0.052000000000000005,0.9390000000000001,0.009000000000000001,1999
82569,0.9924,0.11900000000000001,0.86,0.021,1999
82591,0.9364,0.142,0.797,0.06,1999
82595,0.9963,0.24100000000000002,0.665,0.094,1999
82645,0.9997,0.14300000000000002,0.7829999999999999,0.07400000000000001,1999
82646,0.9985,0.136,0.773,0.091,1999
82647,0.9704,0.096,0.8759999999999999,0.027999999999999997,1999
82651,0.9867,0.11699999999999999,0.7829999999999999,0.1,1999
82655,0.9644,0.121,0.858,0.02,1999
82719,0.9973,0.129,0.8109999999999999,0.061,1999
82764,-0.6057,0.08800000000000001,0.82,0.092,1999
82781,0.9962,0.138,0.78,0.081,1999
82783,0.9329999999999999,0.106,0.818,0.076,1999
82784,-0.9874,0.052000000000000005,0.805,0.142,1999
82791,0.9813,0.095,0.851,0.054000000000000006,1999
82833,0.9413,0.068,0.9229999999999999,0.009000000000000001,1999
82844,0.9818,0.128,0.768,0.10300000000000001,1999
82892,-0.9989,0.091,0.7509999999999999,0.158,1999
82912,0.998,0.125,0.835,0.04,1999
82942,0.9953,0.157,0.78,0.063,1999
82961,0.9976,0.1,0.863,0.037000000000000005,1999
82982,0.9916,0.13,0.789,0.081,1999
82989,0.9986,0.079,0.898,0.023,1999
83013,0.9947,0.102,0.856,0.042,1999
83031,0.9872,0.10400000000000001,0.872,0.024,1999
83033,0.9953,0.11199999999999999,0.848,0.040999999999999995,1999
83044,0.9918,0.054000000000000006,0.919,0.027000000000000003,1999
83100,0.9938,0.127,0.7909999999999999,0.08199999999999999,1999
83115,0.9998,0.17300000000000001,0.778,0.049,1999
83155,0.9849,0.071,0.883,0.046,1999
83156,-0.9359999999999999,0.091,0.813,0.096,1999
83192,0.9028,0.08199999999999999,0.851,0.067,1999
83198,-0.1536,0.113,0.775,0.11199999999999999,1999
83242,0.9925,0.115,0.8170000000000001,0.068,1999
83245,0.8332,0.059000000000000004,0.9079999999999999,0.033,1999
83249,0.945,0.08199999999999999,0.866,0.052000000000000005,1999
83259,0.9878,0.053,0.9209999999999999,0.026000000000000002,1999
83267,0.9795,0.04,0.941,0.018000000000000002,1999
83300,0.9966,0.207,0.738,0.055,1999
83311,0.9916,0.057999999999999996,0.9179999999999999,0.024,1999
83351,0.9954,0.135,0.794,0.071,1999
83352,0.9811,0.121,0.812,0.067,1999
83367,0.976,0.138,0.7929999999999999,0.069,1999
83370,0.9995,0.18100000000000002,0.732,0.087,1999
83371,0.9855,0.073,0.9009999999999999,0.026000000000000002,1999
83386,0.9772,0.091,0.867,0.040999999999999995,1999
83401,0.9973,0.136,0.821,0.043,1999
83403,0.9985,0.065,0.925,0.01,1999
83446,0.9971,0.09300000000000001,0.862,0.044000000000000004,1999
83448,0.9453,0.10400000000000001,0.8059999999999999,0.09,1999
83451,0.9152,0.048,0.9109999999999999,0.042,1999
83456,0.9971,0.064,0.9129999999999999,0.024,1999
83460,0.9874,0.113,0.802,0.086,1999
83461,0.9157,0.065,0.899,0.036000000000000004,1999
83475,0.3282,0.062,0.89,0.047,1999
83493,-0.9973,0.042,0.7929999999999999,0.165,1999
83499,0.9641,0.132,0.777,0.092,1999
83503,0.9838,0.079,0.8809999999999999,0.04,1999
83519,0.9987,0.14800000000000002,0.769,0.083,1999
83528,0.9545,0.114,0.8029999999999999,0.08199999999999999,1999
83529,0.996,0.10800000000000001,0.846,0.046,1999
83543,0.998,0.157,0.775,0.069,1999
83552,0.9992,0.126,0.8220000000000001,0.053,1999
83572,0.9891,0.084,0.895,0.021,1999
83595,0.9978,0.151,0.795,0.054000000000000006,1999
83613,-0.8847,0.075,0.816,0.10800000000000001,1999
83628,0.9975,0.12,0.8220000000000001,0.057999999999999996,1999
83633,0.8867,0.106,0.795,0.099,1999
83653,0.9977,0.106,0.866,0.027999999999999997,1999
83654,0.9916,0.10400000000000001,0.821,0.075,1999
83668,0.5319,0.081,0.841,0.078,1999
83679,-0.4471,0.09300000000000001,0.805,0.102,1999
83707,0.9406,0.07400000000000001,0.895,0.031,1999
83716,0.1461,0.109,0.784,0.107,1999
83729,0.9951,0.127,0.828,0.044000000000000004,1999
83738,0.9907,0.096,0.853,0.051,1999
83745,0.9962,0.127,0.8029999999999999,0.07,1999
83782,0.996,0.095,0.875,0.03,1999
83785,0.9987,0.14800000000000002,0.784,0.067,1999
83823,0.9992,0.203,0.713,0.084,1999
83874,0.9995,0.156,0.784,0.059000000000000004,1999
83883,0.9919,0.11800000000000001,0.8270000000000001,0.055,1999
83884,0.9992,0.111,0.8340000000000001,0.055,1999
83894,0.9983,0.105,0.865,0.03,1999
83895,0.997,0.125,0.816,0.059000000000000004,1999
83915,0.9666,0.107,0.8220000000000001,0.071,1999
83918,0.9985,0.081,0.883,0.036000000000000004,1999
83935,0.9951,0.11699999999999999,0.8290000000000001,0.054000000000000006,1999
83936,0.9904,0.077,0.883,0.04,1999
83938,0.9324,0.078,0.893,0.028999999999999998,1999
83953,0.9825,0.11599999999999999,0.7809999999999999,0.10400000000000001,1999
83954,0.9505,0.078,0.8690000000000001,0.052000000000000005,1999
83955,0.9981,0.121,0.8140000000000001,0.066,1999
83970,0.9925,0.14,0.8340000000000001,0.026000000000000002,1999
83984,0.9595,0.042,0.927,0.03,1999
83990,0.9986,0.099,0.843,0.057,1999
83998,0.9956,0.15,0.804,0.046,1999
84038,0.9941,0.138,0.804,0.057999999999999996,1999
84041,0.9766,0.087,0.882,0.03,1999
84067,0.9977,0.129,0.831,0.04,1999
84095,0.9986,0.191,0.746,0.064,1999
84157,-0.2491,0.038,0.9059999999999999,0.055999999999999994,2000
84205,0.9948,0.092,0.871,0.037000000000000005,2000
84210,0.9535,0.037000000000000005,0.95,0.013000000000000001,2000
84212,-0.9631,0.067,0.8340000000000001,0.099,2000
84215,-0.047,0.055999999999999994,0.892,0.051,2000
84274,0.9838,0.084,0.87,0.046,2000
84285,0.9914,0.065,0.9159999999999999,0.02,2000
84317,0.9955,0.124,0.8,0.076,2000
84325,0.9945,0.102,0.872,0.026000000000000002,2000
84349,0.9988,0.162,0.7859999999999999,0.053,2000
84354,0.9953,0.133,0.785,0.08199999999999999,2000
84397,0.9973,0.136,0.8140000000000001,0.049,2000
84399,-0.5732,0.083,0.83,0.087,2000
84403,0.9813,0.09699999999999999,0.866,0.037000000000000005,2000
84414,0.9971,0.13699999999999998,0.767,0.096,2000
84440,0.9121,0.076,0.8590000000000001,0.066,2000
84461,0.9889,0.138,0.772,0.09,2000
84464,0.997,0.111,0.856,0.033,2000
84484,0.9959,0.152,0.76,0.087,2000
84516,0.9648,0.11,0.8270000000000001,0.062,2000
84549,0.9834,0.113,0.831,0.055999999999999994,2000
84553,0.9981,0.152,0.773,0.07400000000000001,2000
84566,0.9967,0.129,0.821,0.051,2000
84611,0.9882,0.068,0.925,0.008,2000
84692,0.835,0.067,0.897,0.037000000000000005,2000
84729,0.9955,0.133,0.7809999999999999,0.087,2000
84790,0.9861,0.07200000000000001,0.8909999999999999,0.036000000000000004,2000
84816,0.9395,0.10400000000000001,0.8009999999999999,0.095,2000
84820,0.9621,0.196,0.758,0.046,2000
84827,0.9854,0.092,0.895,0.013000000000000001,2000
84829,0.9890000000000001,0.09699999999999999,0.8959999999999999,0.006,2000
84868,0.8614,0.092,0.8370000000000001,0.071,2000
84878,0.97,0.085,0.893,0.021,2000
84890,-0.9933,0.071,0.831,0.09699999999999999,2000
84923,-0.7471,0.052000000000000005,0.879,0.069,2000
84925,0.9991,0.141,0.792,0.068,2000
84932,0.7795,0.08900000000000001,0.818,0.09300000000000001,2000
84933,0.9984,0.125,0.828,0.047,2000
84939,0.996,0.131,0.818,0.051,2000
84998,0.9992,0.113,0.8270000000000001,0.06,2000
85116,0.993,0.12,0.8079999999999999,0.07200000000000001,2000
85121,0.9773,0.113,0.87,0.017,2000
85124,0.9547,0.174,0.733,0.09300000000000001,2000
85126,0.7929,0.057,0.897,0.046,2000
85144,0.9247,0.10099999999999999,0.826,0.073,2000
85160,0.3752,0.08800000000000001,0.828,0.084,2000
85165,0.9953,0.14300000000000002,0.812,0.045,2000
85176,0.9840000000000001,0.121,0.8109999999999999,0.068,2000
85227,0.9994,0.149,0.792,0.059000000000000004,2000
85285,0.9977,0.153,0.7979999999999999,0.049,2000
85295,0.9947,0.11699999999999999,0.809,0.07400000000000001,2000
85308,0.9984,0.125,0.823,0.052000000000000005,2000
85316,0.9990000000000001,0.152,0.802,0.045,2000
85320,0.9993,0.155,0.815,0.03,2000
85336,0.9983,0.09,0.857,0.053,2000
85349,0.9953,0.11800000000000001,0.8029999999999999,0.08,2000
85350,0.9753,0.142,0.775,0.083,2000
85357,0.9993,0.14800000000000002,0.823,0.027999999999999997,2000
85372,-0.9685,0.08900000000000001,0.7909999999999999,0.12,2000
85388,-0.8172,0.026000000000000002,0.938,0.036000000000000004,2000
85393,0.9992,0.151,0.7909999999999999,0.057,2000
85419,0.9987,0.145,0.8059999999999999,0.049,2000
85429,0.9816,0.11599999999999999,0.825,0.059000000000000004,2000
85434,0.9999,0.099,0.871,0.031,2000
85512,0.9952,0.105,0.84,0.055999999999999994,2000
85569,0.9678,0.095,0.836,0.07,2000
85580,0.9994,0.092,0.846,0.062,2000
85618,0.9963,0.06,0.912,0.027999999999999997,2000
85635,-0.3509,0.127,0.745,0.128,2000
85660,0.9976,0.159,0.76,0.081,2000
85664,-0.9881,0.07,0.7859999999999999,0.14300000000000002,2000
85669,0.9953,0.13,0.8029999999999999,0.067,2000
85718,0.9992,0.165,0.743,0.09300000000000001,2000
85733,0.7428,0.094,0.816,0.08900000000000001,2000
85749,0.9985,0.17600000000000002,0.799,0.025,2000
85789,0.9789,0.094,0.86,0.046,2000
85806,-0.9811,0.054000000000000006,0.816,0.13,2000
85812,0.9592,0.10099999999999999,0.889,0.01,2000
85820,0.9939,0.075,0.8690000000000001,0.057,2000
85829,0.9973,0.156,0.7859999999999999,0.057999999999999996,2000
85836,0.9975,0.12,0.848,0.032,2000
85867,0.9943,0.079,0.863,0.057,2000
85891,0.9969,0.141,0.789,0.07,2000
85926,-0.985,0.11699999999999999,0.75,0.133,2000
85977,0.9509,0.107,0.8340000000000001,0.06,2000
85986,0.9146,0.11599999999999999,0.884,0.0,2000
85997,0.3179,0.055,0.895,0.05,2000
85998,0.9647,0.044000000000000004,0.932,0.024,2000
86002,0.9924,0.06,0.9209999999999999,0.019,2000
86006,0.9959,0.11599999999999999,0.8290000000000001,0.054000000000000006,2000
86007,0.9947,0.052000000000000005,0.912,0.035,2000
86012,0.997,0.102,0.868,0.03,2000
86028,0.9845,0.122,0.8540000000000001,0.024,2000
86031,0.9776,0.11900000000000001,0.813,0.068,2000
86032,0.9993,0.168,0.752,0.079,2000
86051,0.9994,0.146,0.802,0.052000000000000005,2000
86082,0.9992,0.14400000000000002,0.79,0.065,2000
86118,0.9555,0.12300000000000001,0.774,0.10300000000000001,2000
86137,-0.9515,0.10099999999999999,0.764,0.135,2001
86160,-0.9227,0.049,0.8859999999999999,0.066,2001
86161,0.3754,0.076,0.8590000000000001,0.065,2001
86167,0.6311,0.105,0.792,0.10300000000000001,2001
86186,0.9884,0.10099999999999999,0.838,0.062,2001
86274,0.9992,0.153,0.787,0.06,2001
86296,0.9825,0.107,0.8640000000000001,0.028999999999999998,2001
86305,0.9061,0.055,0.9009999999999999,0.045,2001
86348,0.9938,0.14,0.845,0.015,2001
86392,-0.9771,0.055,0.812,0.132,2001
86402,0.975,0.081,0.894,0.025,2001
86420,0.919,0.105,0.8029999999999999,0.092,2001
86421,0.9911,0.115,0.807,0.079,2001
86427,0.6798,0.091,0.8270000000000001,0.081,2001
86429,0.9975,0.16399999999999998,0.747,0.08900000000000001,2001
86441,-0.9742,0.076,0.799,0.124,2001
86496,0.9961,0.13,0.785,0.085,2001
86511,0.9994,0.157,0.799,0.044000000000000004,2001
86523,0.9926,0.11699999999999999,0.8170000000000001,0.066,2001
86593,0.9518,0.07400000000000001,0.882,0.044000000000000004,2001
86627,0.9864,0.145,0.733,0.122,2001
86628,0.9971,0.13699999999999998,0.7929999999999999,0.071,2001
86669,0.9945,0.126,0.794,0.079,2001
86705,0.9854,0.098,0.867,0.034,2001
86721,0.9989,0.16399999999999998,0.769,0.067,2001
86742,0.9975,0.14300000000000002,0.775,0.08199999999999999,2001
86751,0.9953,0.12,0.8220000000000001,0.057,2001
86802,0.9883,0.129,0.775,0.096,2001
86815,0.9987,0.111,0.8590000000000001,0.03,2001
86831,0.9974,0.13,0.8079999999999999,0.063,2001
86868,-0.8448,0.083,0.838,0.079,2001
86942,0.9989,0.182,0.772,0.046,2001
86945,0.3965,0.08800000000000001,0.818,0.094,2001
86955,0.9946,0.124,0.816,0.06,2001
86990,-0.9984,0.08199999999999999,0.826,0.092,2001
86996,0.9928,0.077,0.853,0.07,2001
87001,0.9651,0.09300000000000001,0.84,0.067,2001
87002,0.9987,0.145,0.82,0.035,2001
87009,0.9775,0.114,0.868,0.017,2001
87035,0.9793,0.11800000000000001,0.871,0.011000000000000001,2001
87051,0.9587,0.1,0.812,0.08800000000000001,2001
87052,0.9958,0.125,0.831,0.045,2001
87059,0.9985,0.17600000000000002,0.757,0.067,2001
87075,0.9703,0.125,0.8059999999999999,0.068,2001
87088,-0.9758,0.091,0.774,0.135,2001
87092,0.9942,0.145,0.774,0.08199999999999999,2001
87094,0.0258,0.075,0.862,0.063,2001
87134,-0.9597,0.048,0.9,0.053,2001
87188,-0.9582,0.069,0.8190000000000001,0.11199999999999999,2001
87196,0.9941,0.13699999999999998,0.848,0.013999999999999999,2001
87215,0.9990000000000001,0.18100000000000002,0.78,0.039,2001
87234,0.9989,0.18,0.759,0.061,2001
87255,0.9985,0.155,0.778,0.068,2001
87334,0.9989,0.163,0.764,0.07400000000000001,2001
87411,0.9319,0.11699999999999999,0.773,0.111,2001
87418,0.9955,0.126,0.7929999999999999,0.081,2001
87429,0.9131,0.129,0.78,0.091,2001
87467,0.9971,0.121,0.848,0.031,2001
87559,0.9956,0.142,0.789,0.069,2001
87587,0.9169,0.11599999999999999,0.7879999999999999,0.096,2001
87588,0.9969,0.1,0.8740000000000001,0.027000000000000003,2001
87593,0.9892,0.147,0.7659999999999999,0.087,2001
87598,0.9938,0.132,0.826,0.042,2001
87619,0.9986,0.071,0.9,0.028999999999999998,2001
87643,0.6266,0.129,0.775,0.096,2001
87677,0.9997,0.191,0.7709999999999999,0.038,2001
87678,-0.9429,0.045,0.893,0.062,2001
87685,0.9777,0.168,0.769,0.062,2001
87695,0.9989,0.115,0.8170000000000001,0.069,2001
87763,0.7227,0.068,0.872,0.06,2001
87772,-0.3212,0.042,0.9079999999999999,0.05,2001
87778,0.9923,0.11699999999999999,0.86,0.023,2001
87781,0.9882,0.094,0.852,0.054000000000000006,2001
87782,0.9771,0.084,0.87,0.046,2001
87789,0.9988,0.11699999999999999,0.8490000000000001,0.034,2001
87826,-0.7941,0.11199999999999999,0.767,0.12,2001
87861,0.9975,0.149,0.797,0.054000000000000006,2001
87997,0.9945,0.14400000000000002,0.7659999999999999,0.09,2001
87998,0.9367,0.106,0.828,0.066,2001
88057,-0.6351,0.11599999999999999,0.7659999999999999,0.11800000000000001,2001
88095,-0.6458,0.061,0.8740000000000001,0.066,2001
88101,0.9514,0.09,0.88,0.03,2001
88116,-0.1353,0.069,0.856,0.07400000000000001,2001
88190,0.993,0.094,0.853,0.053,2001
88232,0.9522,0.036000000000000004,0.951,0.013000000000000001,2001
88254,0.9995,0.12300000000000001,0.851,0.026000000000000002,2001
88270,0.2966,0.106,0.7979999999999999,0.095,2002
88272,0.9969,0.11800000000000001,0.804,0.078,2002
88293,0.9912,0.133,0.8140000000000001,0.052000000000000005,2002
88326,0.9825,0.053,0.905,0.042,2002
88332,0.9789,0.136,0.7809999999999999,0.083,2002
88336,0.9972,0.20600000000000002,0.754,0.040999999999999995,2002
88340,0.9894,0.11699999999999999,0.8490000000000001,0.034,2002
88345,0.8532,0.131,0.759,0.111,2002
88346,0.9871,0.113,0.85,0.037000000000000005,2002
88371,0.9991,0.166,0.81,0.023,2002
88380,0.9984,0.16699999999999998,0.745,0.08800000000000001,2002
88385,0.9618,0.192,0.7340000000000001,0.075,2002
88390,0.992,0.064,0.9209999999999999,0.015,2002
88401,0.9583,0.078,0.889,0.034,2002
88474,0.9817,0.11,0.852,0.038,2002
88477,0.9958,0.145,0.773,0.08199999999999999,2002
88485,0.9423,0.09300000000000001,0.847,0.06,2002
88494,0.9856,0.115,0.815,0.07,2002
88511,0.9988,0.128,0.8190000000000001,0.053,2002
88535,0.8176,0.1,0.823,0.077,2002
88539,0.9969,0.14800000000000002,0.763,0.08900000000000001,2002
88574,0.9944,0.08,0.885,0.036000000000000004,2002
88580,0.9967,0.141,0.81,0.049,2002
88620,0.4241,0.11199999999999999,0.772,0.11599999999999999,2002
88626,0.9978,0.18899999999999997,0.738,0.07400000000000001,2002
88665,0.9913,0.122,0.8240000000000001,0.054000000000000006,2002
88678,0.9892,0.139,0.8240000000000001,0.037000000000000005,2002
88707,0.9974,0.145,0.7759999999999999,0.079,2002
88779,0.8499,0.129,0.768,0.10300000000000001,2002
88790,0.7579,0.048,0.9229999999999999,0.028999999999999998,2002
88802,0.9657,0.111,0.8140000000000001,0.075,2002
88814,0.9721,0.11199999999999999,0.802,0.085,2002
88815,0.9959,0.11800000000000001,0.84,0.040999999999999995,2002
88835,0.9933,0.114,0.8590000000000001,0.027000000000000003,2002
88865,0.9224,0.096,0.8170000000000001,0.087,2002
88875,0.9536,0.114,0.81,0.076,2002
88967,-0.7862,0.061,0.863,0.076,2002
88983,0.9977,0.046,0.9359999999999999,0.017,2002
88990,0.4659,0.08,0.8490000000000001,0.071,2002
89003,0.9977,0.16899999999999998,0.8290000000000001,0.002,2002
89022,0.9964,0.125,0.8190000000000001,0.055999999999999994,2002
89023,0.998,0.158,0.772,0.07,2002
89054,0.9932,0.126,0.81,0.064,2002
89087,0.9992,0.152,0.8009999999999999,0.047,2002
89109,0.9953,0.128,0.8540000000000001,0.019,2002
89110,-0.9967,0.10300000000000001,0.743,0.154,2002
89118,0.9644,0.086,0.879,0.035,2002
89131,0.9996,0.145,0.78,0.075,2002
89133,0.9971,0.11800000000000001,0.835,0.048,2002
89151,0.9946,0.08800000000000001,0.855,0.057,2002
89173,0.9975,0.16,0.725,0.115,2002
89183,0.998,0.14300000000000002,0.7959999999999999,0.061,2002
89191,0.9865,0.114,0.823,0.063,2002
89212,0.9979,0.155,0.7979999999999999,0.047,2002
89252,0.848,0.061,0.893,0.047,2002
89329,-0.9865,0.081,0.8140000000000001,0.105,2002
89335,0.9981,0.2,0.782,0.018000000000000002,2002
89350,0.9988,0.19699999999999998,0.75,0.053,2002
89411,0.9993,0.08900000000000001,0.8740000000000001,0.037000000000000005,2002
89425,0.909,0.067,0.884,0.049,2002
89431,0.9819,0.11599999999999999,0.845,0.038,2002
89432,0.9994,0.138,0.799,0.062,2002
89445,0.9882,0.102,0.83,0.068,2002
89456,0.9932,0.11900000000000001,0.82,0.061,2002
89479,0.9882,0.092,0.871,0.037000000000000005,2002
89505,0.9937,0.121,0.831,0.048,2002
89522,0.9262,0.053,0.9059999999999999,0.04,2002
89523,0.7218,0.083,0.8540000000000001,0.063,2002
89527,0.9857,0.09699999999999999,0.836,0.067,2002
89557,0.9865,0.11,0.818,0.07200000000000001,2002
89567,0.9776,0.102,0.843,0.055,2002
89580,0.9939,0.14,0.812,0.048,2002
89611,0.998,0.159,0.7609999999999999,0.079,2002
89626,0.9821,0.077,0.898,0.026000000000000002,2002
89691,0.9972,0.145,0.821,0.034,2002
89700,0.9890000000000001,0.10099999999999999,0.8590000000000001,0.04,2002
89704,0.9932,0.078,0.894,0.027999999999999997,2002
89719,0.9951,0.11699999999999999,0.8340000000000001,0.049,2002
89764,0.9919,0.102,0.846,0.052000000000000005,2002
89766,0.9566,0.077,0.865,0.057999999999999996,2002
89772,0.8646,0.096,0.821,0.083,2002
89817,0.6829999999999999,0.08900000000000001,0.825,0.086,2002
89818,0.9941,0.138,0.7909999999999999,0.071,2002
89867,0.9987,0.138,0.833,0.028999999999999998,2002
89868,0.9716,0.10800000000000001,0.877,0.015,2002
89908,0.9992,0.166,0.772,0.062,2002
89944,0.9833,0.113,0.8270000000000001,0.059000000000000004,2002
89949,-0.9362,0.073,0.8370000000000001,0.09,2002
89953,0.9928,0.10300000000000001,0.855,0.042,2002
89993,0.9982,0.154,0.765,0.081,2002
90007,0.9562,0.065,0.894,0.040999999999999995,2002
90031,0.9992,0.174,0.762,0.064,2002
90036,0.9976,0.193,0.773,0.034,2002
90049,0.9645,0.10300000000000001,0.8240000000000001,0.073,2002
90093,0.9977,0.061,0.9,0.038,2002
90097,0.9437,0.068,0.873,0.057999999999999996,2002
90127,0.9977,0.14,0.794,0.066,2002
90172,-0.9998,0.052000000000000005,0.727,0.221,2002
90209,-0.9804,0.099,0.7879999999999999,0.113,2002
90213,0.9814,0.121,0.7859999999999999,0.094,2002
90248,0.9925,0.131,0.826,0.043,2002
90256,-0.7299,0.052000000000000005,0.898,0.05,2002
90259,0.9769,0.111,0.862,0.026000000000000002,2002
90260,0.9764,0.086,0.879,0.035,2002
90261,-0.9616,0.078,0.7909999999999999,0.131,2002
90273,0.9152,0.079,0.883,0.038,2002
90293,0.9177,0.055,0.919,0.025,2002
90298,0.981,0.08800000000000001,0.9009999999999999,0.011000000000000001,2002
90323,0.9988,0.125,0.812,0.064,2002
90370,0.7502,0.127,0.759,0.114,2002
90396,0.9981,0.125,0.841,0.034,2002
90402,0.9706,0.094,0.86,0.046,2002
90420,0.9933,0.09,0.853,0.057,2002
90445,0.9956,0.145,0.754,0.10099999999999999,2003
90470,0.9752,0.052000000000000005,0.92,0.027999999999999997,2003
90501,0.9959,0.121,0.804,0.076,2003
90504,0.9974,0.14300000000000002,0.792,0.065,2003
90514,0.9996,0.122,0.8190000000000001,0.059000000000000004,2003
90522,0.9998,0.114,0.86,0.026000000000000002,2003
90527,-0.9138,0.087,0.818,0.095,2003
90556,-0.9534,0.11199999999999999,0.765,0.12300000000000001,2003
90560,0.9847,0.078,0.873,0.049,2003
90564,0.9339,0.08800000000000001,0.87,0.042,2003
90608,0.9958,0.09699999999999999,0.858,0.045,2003
90621,0.9871,0.121,0.847,0.032,2003
90634,0.9993,0.115,0.818,0.067,2003
90681,0.9997,0.201,0.7559999999999999,0.043,2003
90708,0.9391,0.126,0.784,0.09,2003
90721,0.9996,0.105,0.8540000000000001,0.040999999999999995,2003
90722,0.9561,0.11199999999999999,0.8109999999999999,0.076,2003
90751,0.9994,0.13,0.833,0.037000000000000005,2003
90753,0.9989,0.16399999999999998,0.7809999999999999,0.055,2003
90769,0.9998,0.105,0.873,0.023,2003
90775,0.955,0.096,0.8320000000000001,0.07200000000000001,2003
90776,0.9995,0.13,0.8320000000000001,0.038,2003
90782,0.9998,0.24,0.6809999999999999,0.079,2003
90799,0.6601,0.087,0.836,0.077,2003
90809,0.9992,0.153,0.742,0.10400000000000001,2003
90823,0.9259,0.086,0.868,0.045,2003
90842,0.327,0.033,0.9390000000000001,0.027999999999999997,2003
90853,0.9916,0.11,0.8109999999999999,0.08,2003
90874,0.8873,0.063,0.879,0.057999999999999996,2003
90887,0.9813,0.115,0.8590000000000001,0.026000000000000002,2003
90930,0.9922,0.098,0.841,0.061,2003
90931,-0.2808,0.073,0.858,0.069,2003
90935,0.9982,0.105,0.853,0.042,2003
90948,0.987,0.111,0.841,0.048,2003
90975,0.9888,0.14300000000000002,0.804,0.053,2003
90981,0.978,0.065,0.9109999999999999,0.025,2003
90984,0.9989,0.154,0.7709999999999999,0.07400000000000001,2003
91010,0.9565,0.11599999999999999,0.812,0.07200000000000001,2003
91012,0.9936,0.158,0.797,0.045,2003
91022,0.996,0.13699999999999998,0.7959999999999999,0.067,2003
91025,-0.9726,0.07200000000000001,0.823,0.105,2003
91031,0.342,0.08800000000000001,0.826,0.086,2003
91064,0.998,0.165,0.784,0.051,2003
91094,0.9927,0.09300000000000001,0.867,0.039,2003
91157,0.9998,0.17600000000000002,0.75,0.07400000000000001,2003
91174,0.9966,0.14800000000000002,0.8420000000000001,0.009000000000000001,2003
91194,0.9964,0.102,0.86,0.038,2003
91203,0.9837,0.095,0.884,0.021,2003
91210,0.9947,0.091,0.866,0.042,2003
91223,0.9932,0.16,0.758,0.08199999999999999,2003
91224,0.995,0.152,0.82,0.027999999999999997,2003
91277,0.8270000000000001,0.111,0.784,0.105,2003
91294,0.9424,0.09,0.884,0.026000000000000002,2003
91295,0.9836,0.11900000000000001,0.8140000000000001,0.067,2003
91297,0.9985,0.12300000000000001,0.828,0.049,2003
91307,0.9995,0.14300000000000002,0.795,0.062,2003
91338,0.8061,0.055,0.894,0.051,2003
91364,0.9999,0.124,0.84,0.036000000000000004,2003
91371,0.9918,0.084,0.875,0.040999999999999995,2003
91374,0.9982,0.08199999999999999,0.8809999999999999,0.037000000000000005,2003
91376,0.9858,0.10800000000000001,0.821,0.071,2003
91402,0.9991,0.196,0.736,0.068,2003
91425,0.9862,0.109,0.867,0.024,2003
91431,0.9954,0.168,0.8,0.032,2003
91438,0.9855,0.134,0.831,0.035,2003
91446,0.9782,0.11199999999999999,0.8190000000000001,0.069,2003
91449,0.7967,0.086,0.847,0.068,2003
91453,0.9932,0.114,0.835,0.05,2003
91454,0.9718,0.15,0.7809999999999999,0.069,2003
91493,0.9971,0.131,0.7979999999999999,0.07,2003
91496,-0.8778,0.036000000000000004,0.897,0.067,2003
91500,0.996,0.127,0.7959999999999999,0.077,2003
91507,0.3853,0.08900000000000001,0.836,0.076,2003
91509,0.9819,0.134,0.797,0.069,2003
91511,-0.8133,0.064,0.857,0.079,2003
91544,-0.7026,0.11800000000000001,0.7559999999999999,0.126,2003
91551,-0.9568,0.08,0.8170000000000001,0.10300000000000001,2003
91625,0.9217,0.107,0.8170000000000001,0.076,2003
91633,0.9135,0.10400000000000001,0.8220000000000001,0.07400000000000001,2003
91645,0.1027,0.031,0.9359999999999999,0.033,2003
91660,0.998,0.135,0.84,0.025,2003
91667,0.9773,0.159,0.767,0.07400000000000001,2003
91693,0.2578,0.079,0.8420000000000001,0.079,2003
91742,0.9992,0.174,0.774,0.053,2003
91748,0.9961,0.156,0.758,0.085,2003
91750,0.9994,0.14,0.8240000000000001,0.037000000000000005,2003
91766,-0.25,0.04,0.905,0.054000000000000006,2003
91814,0.9938,0.149,0.8140000000000001,0.037000000000000005,2003
91867,0.9714,0.109,0.8690000000000001,0.022000000000000002,2003
91874,0.9845,0.096,0.875,0.027999999999999997,2003
91877,0.9827,0.075,0.88,0.045,2003
91886,0.9899,0.157,0.753,0.09,2003
91936,-0.7347,0.08900000000000001,0.8190000000000001,0.092,2003
91940,0.9989,0.17300000000000001,0.812,0.015,2003
91954,0.9994,0.129,0.82,0.051,2003
91956,0.9854,0.133,0.8079999999999999,0.057999999999999996,2003
91998,0.9840000000000001,0.131,0.841,0.027999999999999997,2003
92005,0.9849,0.10400000000000001,0.836,0.061,2003
92012,0.98,0.17800000000000002,0.7879999999999999,0.034,2003
92032,0.8923,0.107,0.8029999999999999,0.09,2003
92035,-0.3877,0.047,0.902,0.051,2003
92074,0.9863,0.16,0.7859999999999999,0.054000000000000006,2003
92080,0.9981,0.06,0.914,0.026000000000000002,2003
92181,0.9940000000000001,0.16,0.785,0.055,2003
92182,0.9915,0.11699999999999999,0.8079999999999999,0.076,2003
92197,0.9993,0.17300000000000001,0.8,0.027000000000000003,2003
92224,0.9952,0.121,0.812,0.068,2003
92246,-0.8761,0.076,0.833,0.092,2003
92269,0.9898,0.1,0.851,0.049,2003
92316,0.9768,0.127,0.8029999999999999,0.07,2003
92327,0.997,0.13699999999999998,0.7929999999999999,0.07,2003
92335,-0.9851,0.043,0.861,0.096,2003
92360,-0.1398,0.1,0.795,0.105,2003
92375,-0.9714,0.037000000000000005,0.917,0.046,2003
92376,-0.991,0.084,0.809,0.10800000000000001,2003
92418,0.9975,0.14400000000000002,0.772,0.083,2003
92465,-0.2746,0.102,0.7959999999999999,0.10300000000000001,2003
92507,0.9991,0.171,0.7559999999999999,0.073,2003
92515,0.9355,0.11199999999999999,0.7929999999999999,0.095,2003
92523,0.9828,0.125,0.805,0.07,2003
92536,0.963,0.105,0.851,0.044000000000000004,2003
92583,0.9698,0.105,0.875,0.019,2003
92586,0.9977,0.135,0.81,0.055,2003
92596,0.9408,0.109,0.838,0.053,2003
92644,0.9894,0.127,0.833,0.04,2003
92658,0.9753,0.10800000000000001,0.8190000000000001,0.073,2003
92670,-0.6945,0.105,0.79,0.105,2003
92691,0.9828,0.10300000000000001,0.867,0.028999999999999998,2003
92696,0.9989,0.138,0.81,0.052000000000000005,2003
92702,-0.8117,0.09699999999999999,0.807,0.096,2003
92713,0.9974,0.124,0.821,0.055,2003
92809,-0.5195,0.078,0.8170000000000001,0.105,2003
92836,-0.3829,0.053,0.8690000000000001,0.078,2003
92844,0.9934,0.16,0.763,0.077,2003
92845,0.9635,0.034,0.953,0.013000000000000001,2003
92853,0.9863,0.051,0.93,0.019,2003
92878,0.9873,0.08199999999999999,0.868,0.051,2003
92897,0.8188,0.11800000000000001,0.7829999999999999,0.099,2003
92923,0.9501,0.128,0.778,0.094,2003
92935,0.9813,0.122,0.802,0.076,2003
92941,0.9456,0.066,0.902,0.032,2003
92957,0.9937,0.131,0.835,0.035,2003
92973,0.9869,0.08800000000000001,0.8540000000000001,0.057999999999999996,2004
92977,0.128,0.05,0.8959999999999999,0.054000000000000006,2004
92979,0.9986,0.064,0.9159999999999999,0.019,2004
92980,0.9729,0.073,0.9059999999999999,0.021,2004
92992,0.9947,0.094,0.858,0.048,2004
92993,0.9998,0.18899999999999997,0.736,0.075,2004
93011,0.9962,0.156,0.792,0.052000000000000005,2004
93031,-0.9739,0.06,0.8390000000000001,0.10099999999999999,2004
93043,0.9943,0.10099999999999999,0.853,0.045,2004
93048,0.9787,0.12300000000000001,0.809,0.068,2004
93059,0.9966,0.14800000000000002,0.843,0.009000000000000001,2004
93083,0.9814,0.10300000000000001,0.825,0.07200000000000001,2004
93136,0.9729,0.106,0.863,0.03,2004
93138,0.9974,0.079,0.867,0.054000000000000006,2004
93171,0.9781,0.09300000000000001,0.8759999999999999,0.031,2004
93185,0.9971,0.09699999999999999,0.87,0.034,2004
93190,0.9949,0.073,0.8740000000000001,0.053,2004
93201,0.4155,0.09300000000000001,0.8109999999999999,0.096,2004
93219,0.9987,0.12300000000000001,0.851,0.026000000000000002,2004
93255,0.7347,0.102,0.797,0.10099999999999999,2004
93306,0.992,0.10400000000000001,0.8540000000000001,0.042,2004
93327,0.8954,0.069,0.882,0.049,2004
93363,0.9917,0.11199999999999999,0.816,0.07200000000000001,2004
93365,0.8316,0.115,0.799,0.086,2004
93366,0.9984,0.175,0.7709999999999999,0.054000000000000006,2004
93367,0.4753,0.09300000000000001,0.8270000000000001,0.08,2004
93368,0.8316,0.055,0.937,0.008,2004
93407,0.9061,0.08,0.868,0.052000000000000005,2004
93410,0.9957,0.063,0.898,0.039,2004
93420,0.9986,0.193,0.736,0.071,2004
93433,0.9998,0.12,0.851,0.028999999999999998,2004
93513,0.9842,0.125,0.795,0.08,2004
93564,0.9990000000000001,0.147,0.7979999999999999,0.055999999999999994,2004
93577,0.9995,0.125,0.8290000000000001,0.046,2004
93604,0.9725,0.11800000000000001,0.8240000000000001,0.057999999999999996,2004
93622,0.997,0.11199999999999999,0.83,0.057999999999999996,2004
93649,0.9002,0.10400000000000001,0.8190000000000001,0.077,2004
93656,0.9907,0.13,0.81,0.06,2004
93702,0.9940000000000001,0.10300000000000001,0.8370000000000001,0.06,2004
93706,-0.8091,0.08800000000000001,0.7829999999999999,0.13,2004
93726,0.9827,0.114,0.8290000000000001,0.057999999999999996,2004
93734,0.9765,0.081,0.872,0.047,2004
93737,0.9534,0.106,0.8240000000000001,0.07,2004
93806,0.9929,0.174,0.804,0.022000000000000002,2004
93822,0.9922,0.113,0.809,0.078,2004
93828,0.9944,0.158,0.8009999999999999,0.040999999999999995,2004
93849,0.8319,0.081,0.892,0.027000000000000003,2004
93857,0.987,0.149,0.7859999999999999,0.065,2004
93863,-0.9124,0.085,0.833,0.08199999999999999,2004
93870,0.9844,0.151,0.802,0.047,2004
93872,0.7506,0.06,0.94,0.0,2004
93892,0.985,0.14400000000000002,0.779,0.078,2004
93907,0.9876,0.159,0.8190000000000001,0.022000000000000002,2004
93911,0.9965,0.053,0.9229999999999999,0.024,2004
93935,0.9995,0.134,0.813,0.053,2004
93940,0.9365,0.102,0.836,0.062,2004
93958,0.9736,0.154,0.775,0.07,2004
93969,0.996,0.12300000000000001,0.8290000000000001,0.048,2004
93985,0.9996,0.08800000000000001,0.868,0.044000000000000004,2004
94057,0.9979,0.063,0.91,0.027000000000000003,2004
94121,0.9309,0.094,0.8390000000000001,0.067,2004
94150,-0.9222,0.045,0.871,0.085,2004
94183,0.9922,0.146,0.775,0.078,2004
94190,0.9999,0.209,0.735,0.055999999999999994,2004
94224,0.9978,0.098,0.871,0.032,2004
94238,0.9554,0.138,0.8059999999999999,0.055999999999999994,2004
94270,-0.6823,0.115,0.76,0.125,2004
94271,0.5291,0.1,0.81,0.09,2004
94297,0.9873,0.083,0.8640000000000001,0.053,2004
94319,0.6003,0.08800000000000001,0.826,0.086,2004
94330,0.4813,0.11,0.792,0.098,2004
94331,0.9917,0.151,0.777,0.071,2004
94348,0.998,0.106,0.8290000000000001,0.064,2004
94384,0.998,0.254,0.746,0.0,2004
94404,0.9959,0.11900000000000001,0.792,0.08900000000000001,2004
94430,0.9943,0.152,0.812,0.036000000000000004,2004
94438,-0.6803,0.095,0.812,0.094,2004
94456,0.9591,0.081,0.871,0.048,2004
94459,0.7727,0.06,0.895,0.045,2004
94490,0.9954,0.165,0.782,0.052000000000000005,2004
94496,0.9978,0.171,0.779,0.05,2004
94540,0.9967,0.125,0.8009999999999999,0.07400000000000001,2004
94547,0.9052,0.083,0.882,0.035,2004
94580,0.9978,0.10099999999999999,0.8590000000000001,0.04,2004
94593,0.9612,0.095,0.868,0.037000000000000005,2004
94594,0.9848,0.095,0.892,0.013000000000000001,2004
94611,0.9413,0.14400000000000002,0.784,0.073,2004
94643,0.9993,0.08900000000000001,0.867,0.044000000000000004,2004
94657,0.9854,0.114,0.84,0.046,2004
94686,0.1154,0.038,0.93,0.033,2004
94687,-0.9115,0.075,0.813,0.111,2004
94734,0.9842,0.11599999999999999,0.835,0.049,2004
94736,0.9958,0.147,0.7879999999999999,0.065,2004
94737,0.998,0.18600000000000003,0.767,0.047,2004
94748,0.9389,0.11900000000000001,0.815,0.066,2004
94763,-0.1445,0.10800000000000001,0.7829999999999999,0.11,2004
94767,0.9691,0.128,0.78,0.092,2004
94780,0.9994,0.092,0.879,0.028999999999999998,2004
94796,0.9707,0.128,0.782,0.08900000000000001,2004
94802,0.9866,0.1,0.8270000000000001,0.073,2004
94808,0.9515,0.075,0.865,0.06,2004
94820,0.9988,0.111,0.8140000000000001,0.075,2004
94823,0.9928,0.126,0.8029999999999999,0.071,2004
94825,0.9934,0.12,0.83,0.05,2004
94826,0.9823,0.1,0.868,0.032,2004
94840,0.9912,0.10800000000000001,0.856,0.036000000000000004,2004
94855,0.9974,0.18899999999999997,0.773,0.038,2004
94860,0.9979,0.07200000000000001,0.889,0.039,2004
94864,0.9978,0.09300000000000001,0.882,0.025,2004
94873,0.9961,0.102,0.843,0.055,2004
94895,-0.8975,0.109,0.759,0.132,2004
94899,0.9701,0.115,0.861,0.024,2004
94914,0.9998,0.142,0.815,0.043,2004
94953,0.9994,0.124,0.812,0.064,2004
94969,0.8945,0.069,0.88,0.051,2004
94976,0.9762,0.098,0.848,0.054000000000000006,2004
95035,0.9448,0.10300000000000001,0.825,0.07200000000000001,2004
95046,0.9645,0.098,0.884,0.018000000000000002,2004
95049,0.9975,0.14400000000000002,0.804,0.051,2004
95059,0.9977,0.138,0.8220000000000001,0.04,2004
95066,0.9932,0.11599999999999999,0.84,0.044000000000000004,2004
95092,0.9979,0.11800000000000001,0.825,0.057,2004
95102,-0.5574,0.08,0.8029999999999999,0.11599999999999999,2004
95205,0.9976,0.145,0.762,0.09300000000000001,2004
95219,0.9816,0.105,0.8540000000000001,0.040999999999999995,2004
95224,0.997,0.146,0.8490000000000001,0.006,2004
95243,0.8240000000000001,0.111,0.785,0.10400000000000001,2004
95246,0.9868,0.107,0.847,0.047,2004
95260,0.9442,0.11,0.833,0.057,2004
95267,0.872,0.068,0.882,0.05,2004
95312,0.9984,0.07400000000000001,0.892,0.034,2004
95332,-0.9618,0.14300000000000002,0.7120000000000001,0.14400000000000002,2004
95335,0.9697,0.078,0.9009999999999999,0.021,2004
95340,0.9179,0.11599999999999999,0.807,0.078,2004
95459,0.9995,0.087,0.8809999999999999,0.032,2004
95464,0.9959,0.157,0.7829999999999999,0.06,2004
95494,0.9873,0.12300000000000001,0.8140000000000001,0.062,2004
95508,0.9990000000000001,0.17,0.769,0.061,2004
95541,0.9888,0.10400000000000001,0.858,0.038,2004
95554,0.9673,0.121,0.773,0.106,2004
95630,0.9993,0.134,0.82,0.046,2004
95676,-0.4588,0.037000000000000005,0.899,0.063,2005
95677,0.9896,0.146,0.774,0.08,2005
95703,0.9895,0.106,0.833,0.061,2005
95778,-0.9846,0.092,0.7559999999999999,0.153,2005
95862,-0.8616,0.076,0.8340000000000001,0.09,2005
95896,0.9049,0.084,0.858,0.057999999999999996,2005
95949,0.9562,0.125,0.7759999999999999,0.099,2005
95969,-0.4903,0.07200000000000001,0.847,0.081,2005
95970,0.987,0.138,0.7659999999999999,0.095,2005
95979,0.8378,0.068,0.893,0.04,2005
96047,0.9959,0.09300000000000001,0.86,0.047,2005
96075,0.9973,0.157,0.82,0.023,2005
96095,0.951,0.08900000000000001,0.8390000000000001,0.07200000000000001,2005
96109,0.9908,0.149,0.8029999999999999,0.048,2005
96111,0.9987,0.152,0.78,0.067,2005
96115,0.9868,0.133,0.833,0.033,2005
96125,0.9735,0.076,0.868,0.055999999999999994,2005
96153,0.996,0.11900000000000001,0.8059999999999999,0.075,2005
96205,0.9894,0.136,0.8220000000000001,0.042,2005
96238,0.9828,0.10800000000000001,0.858,0.034,2005
96273,0.9990000000000001,0.183,0.77,0.047,2005
96276,0.8608,0.055,0.899,0.047,2005
96277,0.9329999999999999,0.098,0.826,0.076,2005
96296,0.9991,0.15,0.795,0.054000000000000006,2005
96308,0.9996,0.155,0.813,0.032,2005
96309,-0.5175,0.078,0.841,0.081,2005
96329,0.9887,0.11,0.878,0.012,2005
96352,0.9985,0.10400000000000001,0.853,0.043,2005
96368,-0.2193,0.047,0.905,0.048,2005
96374,-0.858,0.047,0.889,0.064,2005
96382,-0.9885,0.047,0.863,0.09,2005
96436,0.9913,0.092,0.836,0.07200000000000001,2005
96445,0.9877,0.11599999999999999,0.7879999999999999,0.096,2005
96497,0.9785,0.11599999999999999,0.862,0.022000000000000002,2005
96498,-0.9337,0.062,0.84,0.098,2005
96502,0.9962,0.16699999999999998,0.782,0.052000000000000005,2005
96572,0.8453,0.102,0.807,0.092,2005
96581,0.9590000000000001,0.106,0.804,0.09,2005
96592,0.9096,0.1,0.809,0.092,2005
96639,0.9888,0.226,0.757,0.017,2005
96682,0.897,0.09699999999999999,0.8220000000000001,0.081,2005
96687,-0.5562,0.025,0.9309999999999999,0.044000000000000004,2005
96702,0.9987,0.149,0.778,0.07200000000000001,2005
96705,0.9991,0.138,0.813,0.05,2005
96739,0.9993,0.141,0.765,0.094,2005
96740,0.9721,0.102,0.828,0.07,2005
96769,0.9987,0.135,0.8190000000000001,0.047,2005
96797,0.985,0.08900000000000001,0.8640000000000001,0.047,2005
96798,0.9989,0.11,0.873,0.017,2005
96863,0.9973,0.12,0.805,0.075,2005
96864,0.9963,0.12,0.8270000000000001,0.053,2005
96867,0.9990000000000001,0.157,0.789,0.054000000000000006,2005
96890,-0.5016,0.11699999999999999,0.769,0.115,2005
96910,-0.9953,0.033,0.8340000000000001,0.133,2005
96985,-0.9967,0.10800000000000001,0.741,0.151,2005
96989,-0.8483,0.105,0.784,0.11199999999999999,2005
97030,0.9961,0.146,0.8290000000000001,0.025,2005
97050,0.3959,0.111,0.787,0.10300000000000001,2005
97059,0.8354,0.07,0.8809999999999999,0.049,2005
97078,0.9570000000000001,0.11800000000000001,0.7909999999999999,0.092,2005
97092,-0.9404,0.047,0.871,0.08199999999999999,2005
97116,0.9483,0.113,0.8,0.087,2005
97121,-0.943,0.052000000000000005,0.8590000000000001,0.08900000000000001,2005
97171,0.9983,0.146,0.799,0.055,2005
97172,0.9873,0.132,0.763,0.10400000000000001,2005
97250,0.9983,0.124,0.8370000000000001,0.039,2005
97258,0.9169,0.091,0.846,0.063,2005
97274,-0.128,0.054000000000000006,0.88,0.066,2005
97320,0.5994,0.081,0.8859999999999999,0.033,2005
97336,0.9838,0.091,0.8759999999999999,0.033,2005
97346,0.9669,0.11900000000000001,0.8,0.081,2005
97477,0.7998,0.15,0.799,0.051,2005
97484,0.9901,0.15,0.7659999999999999,0.085,2005
97499,0.9331,0.043,0.924,0.034,2005
97513,0.9956,0.094,0.873,0.033,2005
97518,-0.8182,0.081,0.847,0.07200000000000001,2005
97594,0.9931,0.13699999999999998,0.8290000000000001,0.034,2005
97603,0.9982,0.105,0.851,0.044000000000000004,2005
97605,0.9966,0.162,0.794,0.044000000000000004,2005
97607,0.9614,0.07,0.877,0.053,2005
97620,0.9974,0.07400000000000001,0.888,0.038,2005
97695,0.9888,0.16,0.754,0.086,2005
97707,0.9924,0.08800000000000001,0.86,0.052000000000000005,2005
97720,0.9992,0.078,0.8859999999999999,0.036000000000000004,2005
97737,0.9962,0.129,0.816,0.055,2005
97777,-0.5543,0.099,0.8,0.10099999999999999,2005
97787,0.4767,0.105,0.846,0.05,2005
97798,0.9984,0.205,0.779,0.016,2005
97805,-0.4716,0.068,0.867,0.065,2005
97820,0.9963,0.13699999999999998,0.828,0.034,2005
97840,-0.5707,0.057,0.862,0.081,2005
97842,0.6486,0.098,0.8320000000000001,0.07,2005
97847,0.8976,0.11699999999999999,0.8109999999999999,0.073,2005
97857,0.9912,0.077,0.873,0.05,2005
97868,0.8402,0.069,0.907,0.024,2005
97891,0.9526,0.076,0.898,0.026000000000000002,2005
97895,0.9967,0.195,0.76,0.045,2005
97917,0.9940000000000001,0.094,0.872,0.034,2005
97997,0.9884,0.09,0.863,0.047,2005
98010,0.34,0.022000000000000002,0.966,0.012,2005
98063,0.5023,0.039,0.9490000000000001,0.012,2005
98064,0.9901,0.132,0.768,0.1,2005
98072,-0.9715,0.094,0.7859999999999999,0.12,2005
98076,0.9935,0.139,0.8109999999999999,0.05,2005
98086,0.9941,0.138,0.843,0.019,2005
98089,0.9922,0.122,0.8370000000000001,0.042,2005
98091,0.7656,0.08900000000000001,0.8440000000000001,0.067,2005
98094,0.997,0.142,0.782,0.075,2005
98117,-0.7747,0.075,0.835,0.09,2005
98123,-0.5917,0.055999999999999994,0.875,0.068,2005
98132,0.1165,0.081,0.8340000000000001,0.085,2005
98159,0.998,0.166,0.7929999999999999,0.040999999999999995,2005
98160,0.9998,0.142,0.7859999999999999,0.071,2005
98171,0.9954,0.146,0.833,0.021,2005
98182,0.9455,0.13699999999999998,0.7659999999999999,0.09699999999999999,2005
98184,0.9421,0.087,0.835,0.078,2005
98188,0.9927,0.125,0.7929999999999999,0.08199999999999999,2005
98204,0.9969,0.131,0.8140000000000001,0.055,2005
98205,0.9997,0.132,0.8140000000000001,0.054000000000000006,2005
98248,0.9876,0.11699999999999999,0.836,0.047,2006
98260,-0.9982,0.08,0.7709999999999999,0.149,2006
98277,0.9627,0.087,0.893,0.02,2006
98283,-0.9978,0.086,0.795,0.11900000000000001,2006
98285,-0.9866,0.105,0.7829999999999999,0.11199999999999999,2006
98316,0.9909,0.128,0.813,0.059000000000000004,2006
98337,0.9993,0.096,0.8909999999999999,0.013000000000000001,2006
98350,0.9911,0.11199999999999999,0.8340000000000001,0.053,2006
98362,-0.9745,0.115,0.667,0.218,2006
98386,0.9617,0.047,0.935,0.018000000000000002,2006
98395,0.998,0.102,0.8540000000000001,0.043,2006
98412,0.8356,0.05,0.91,0.04,2006
98413,0.9944,0.107,0.836,0.057,2006
98415,-0.6038,0.05,0.9,0.05,2006
98428,0.9928,0.11199999999999999,0.8320000000000001,0.055999999999999994,2006
98447,0.9592,0.12,0.8240000000000001,0.055999999999999994,2006
98448,0.996,0.154,0.823,0.023,2006
98474,-0.8757,0.0,0.982,0.018000000000000002,2006
98493,-0.995,0.061,0.782,0.157,2006
98497,0.9755,0.135,0.807,0.057999999999999996,2006
98509,0.9993,0.136,0.799,0.065,2006
98516,0.997,0.162,0.8170000000000001,0.021,2006
98556,0.8240000000000001,0.07400000000000001,0.887,0.039,2006
98572,0.9677,0.071,0.9079999999999999,0.02,2006
98573,0.9873,0.14,0.763,0.09699999999999999,2006
98592,0.9957,0.124,0.795,0.08199999999999999,2006
98595,0.9968,0.109,0.841,0.05,2006
98611,0.9896,0.19,0.6970000000000001,0.113,2006
98632,0.9907,0.154,0.742,0.105,2006
98665,0.8909,0.08900000000000001,0.857,0.054000000000000006,2006
98712,0.9991,0.159,0.762,0.079,2006
98734,0.5671,0.156,0.716,0.128,2006
98807,0.9959,0.14,0.82,0.039,2006
98816,0.9973,0.149,0.807,0.043,2006
98847,0.9413,0.084,0.87,0.046,2006
98854,0.8981,0.18100000000000002,0.705,0.114,2006
98871,0.9998,0.156,0.792,0.052000000000000005,2006
98910,0.9992,0.127,0.8270000000000001,0.046,2006
98913,0.9988,0.142,0.828,0.03,2006
98919,0.9978,0.11800000000000001,0.836,0.045,2006
98979,0.9978,0.121,0.841,0.038,2006
99008,0.5325,0.12,0.767,0.113,2006
99021,0.9816,0.062,0.927,0.011000000000000001,2006
99078,0.9988,0.098,0.865,0.036000000000000004,2006
99092,0.9759,0.075,0.909,0.017,2006
99095,0.9977,0.16899999999999998,0.779,0.052000000000000005,2006
99111,0.9957,0.145,0.7440000000000001,0.111,2006
99124,0.9812,0.131,0.812,0.057,2006
99129,0.0754,0.077,0.8420000000000001,0.081,2006
99174,0.9279,0.044000000000000004,0.9329999999999999,0.023,2006
99279,0.9988,0.115,0.851,0.034,2006
99280,0.9984,0.151,0.8,0.05,2006
99288,0.8041,0.06,0.903,0.037000000000000005,2006
99300,0.9994,0.159,0.762,0.078,2006
99393,0.9976,0.081,0.893,0.027000000000000003,2006
99401,0.9773,0.10300000000000001,0.826,0.071,2006
99422,0.52,0.08900000000000001,0.84,0.07200000000000001,2006
99444,0.9656,0.113,0.7929999999999999,0.095,2006
99463,0.9991,0.18,0.765,0.055,2006
99491,0.9647,0.132,0.8220000000000001,0.047,2006
99503,-0.9906,0.09699999999999999,0.795,0.10800000000000001,2006
99508,0.945,0.092,0.846,0.062,2006
99536,0.7469,0.086,0.857,0.057,2006
99577,0.9116,0.077,0.866,0.057999999999999996,2006
99586,0.997,0.138,0.841,0.021,2006
99620,0.9815,0.166,0.8240000000000001,0.009000000000000001,2006
99645,0.9912,0.146,0.8,0.054000000000000006,2006
99656,0.9931,0.086,0.856,0.057,2006
99686,0.9992,0.15,0.789,0.06,2006
99748,-0.5363,0.079,0.838,0.083,2006
99799,0.9988,0.17800000000000002,0.757,0.065,2006
99805,0.9586,0.099,0.826,0.075,2006
99809,-0.3898,0.113,0.75,0.13699999999999998,2006
99827,0.9911,0.163,0.757,0.081,2006
99830,0.9927,0.08900000000000001,0.879,0.032,2006
99835,0.6598,0.121,0.773,0.106,2006
99850,0.9986,0.138,0.845,0.017,2006
99888,0.9968,0.14400000000000002,0.754,0.10300000000000001,2006
99909,0.9001,0.067,0.905,0.027000000000000003,2006
99953,0.9861,0.065,0.925,0.01,2006
99968,0.9512,0.11,0.8340000000000001,0.055999999999999994,2006
100007,0.9989,0.151,0.8,0.049,2006
100026,0.9969,0.126,0.8220000000000001,0.052000000000000005,2006
100029,0.9955,0.171,0.789,0.04,2006
100076,0.996,0.111,0.851,0.038,2006
100101,-0.9829,0.085,0.7859999999999999,0.129,2006
100117,0.6235,0.094,0.8370000000000001,0.069,2006
100130,0.9996,0.139,0.802,0.059000000000000004,2006
100148,0.9259999999999999,0.11,0.805,0.084,2006
100158,-0.7358,0.145,0.706,0.149,2006
100173,0.9973,0.113,0.826,0.062,2006
100183,0.9603,0.091,0.882,0.027000000000000003,2006
100205,0.9832,0.142,0.77,0.08900000000000001,2006
100210,0.9878,0.145,0.8370000000000001,0.018000000000000002,2006
100249,0.7608,0.071,0.8690000000000001,0.06,2006
100263,0.9934,0.182,0.748,0.071,2006
100264,-0.8673,0.069,0.838,0.09300000000000001,2006
100277,0.8373,0.08800000000000001,0.833,0.079,2006
100289,-0.6429,0.085,0.835,0.08,2006
100352,0.9931,0.11599999999999999,0.825,0.059000000000000004,2006
100381,0.9829,0.201,0.693,0.106,2006
100392,0.9325,0.06,0.9109999999999999,0.028999999999999998,2006
100399,0.9201,0.147,0.725,0.128,2006
100409,0.9756,0.131,0.767,0.102,2006
100420,0.9938,0.078,0.893,0.028999999999999998,2006
100450,0.9868,0.129,0.825,0.045,2006
100455,0.9979,0.13,0.7809999999999999,0.08900000000000001,2006
100481,0.9851,0.155,0.732,0.113,2006
100495,0.9459,0.087,0.877,0.035,2006
100504,0.9953,0.091,0.871,0.038,2006
100510,0.8597,0.19699999999999998,0.659,0.145,2006
100526,0.9898,0.10099999999999999,0.86,0.04,2006
100550,0.9945,0.126,0.84,0.033,2006
100560,0.9944,0.177,0.787,0.036000000000000004,2006
100595,0.5835,0.077,0.846,0.077,2006
100598,0.9981,0.127,0.831,0.042,2006
100621,0.9779,0.14,0.841,0.019,2007
100634,0.9982,0.098,0.866,0.036000000000000004,2007
100668,-0.9975,0.08800000000000001,0.794,0.11800000000000001,2007
100673,0.9718,0.087,0.89,0.022000000000000002,2007
100681,-0.8966,0.0,0.898,0.102,2007
100699,-0.9986,0.095,0.76,0.14400000000000002,2007
100768,0.992,0.132,0.8240000000000001,0.044000000000000004,2007
100781,0.9717,0.105,0.83,0.065,2007
100832,-0.966,0.054000000000000006,0.861,0.085,2007
100843,-0.8933,0.09699999999999999,0.8079999999999999,0.095,2007
100853,-0.2698,0.02,0.9440000000000001,0.036000000000000004,2007
100865,0.5304,0.09699999999999999,0.813,0.08900000000000001,2007
100929,-0.87,0.046,0.889,0.064,2007
100988,-0.9982,0.11199999999999999,0.743,0.145,2007
101064,-0.9548,0.10099999999999999,0.799,0.1,2007
101077,0.9470000000000001,0.091,0.853,0.055,2007
101080,0.9259999999999999,0.122,0.878,0.0,2007
101292,0.9949,0.159,0.8,0.040999999999999995,2007
101346,0.9892,0.098,0.858,0.044000000000000004,2007
101378,0.975,0.106,0.845,0.048,2007
101387,0.6538,0.028999999999999998,0.971,0.0,2007
101391,0.9804,0.049,0.9279999999999999,0.023,2007
101404,0.9958,0.14400000000000002,0.821,0.035,2007
101411,0.9809,0.138,0.823,0.038,2007
101423,0.5719,0.078,0.922,0.0,2007
101450,0.9966,0.092,0.8440000000000001,0.064,2007
101467,0.9118,0.135,0.765,0.1,2007
101478,0.8102,0.09699999999999999,0.8190000000000001,0.084,2007
101506,0.9866,0.134,0.81,0.055,2007
101518,0.9992,0.147,0.768,0.086,2007
101550,0.9726,0.10400000000000001,0.858,0.038,2007
101572,0.7556,0.076,0.8740000000000001,0.051,2007
101599,-0.5345,0.048,0.902,0.049,2007
101647,0.9746,0.1,0.848,0.052000000000000005,2007
101699,0.9369,0.075,0.904,0.021,2007
101732,-0.9171,0.10400000000000001,0.7609999999999999,0.135,2007
101781,0.9639,0.10300000000000001,0.8270000000000001,0.069,2007
101795,0.9633,0.1,0.85,0.05,2007
101804,0.1882,0.068,0.8690000000000001,0.062,2007
101853,0.997,0.14800000000000002,0.805,0.047,2007
101858,0.9953,0.11599999999999999,0.809,0.075,2007
101863,0.9940000000000001,0.131,0.83,0.039,2007
101865,0.9901,0.10300000000000001,0.867,0.03,2007
101947,0.9932,0.159,0.7959999999999999,0.045,2007
101961,0.9873,0.163,0.795,0.042,2007
101962,0.9938,0.11699999999999999,0.843,0.04,2007
101990,0.8666,0.139,0.797,0.064,2007
102005,0.7185,0.087,0.8370000000000001,0.076,2007
102009,0.6902,0.07400000000000001,0.872,0.054000000000000006,2007
102096,0.9674,0.095,0.853,0.052000000000000005,2007
102106,0.9959,0.15,0.846,0.004,2007
102134,0.998,0.214,0.772,0.013999999999999999,2007
102155,0.7501,0.061,0.9390000000000001,0.0,2007
102188,0.9332,0.133,0.858,0.009000000000000001,2007
102190,-0.996,0.081,0.745,0.174,2007
102196,0.4019,0.04,0.9259999999999999,0.034,2007
102235,-0.9858,0.081,0.8009999999999999,0.11800000000000001,2007
102247,0.4833,0.069,0.86,0.071,2007
102255,0.9924,0.069,0.892,0.039,2007
102266,0.9963,0.12300000000000001,0.825,0.052000000000000005,2007
102268,0.9843,0.128,0.816,0.055999999999999994,2007
102290,0.996,0.135,0.831,0.034,2007
102313,-0.9957,0.086,0.8059999999999999,0.107,2007
102346,-0.4003,0.10400000000000001,0.8,0.096,2007
102347,0.9590000000000001,0.084,0.847,0.069,2007
102350,0.9956,0.122,0.8370000000000001,0.042,2007
102353,0.9775,0.15,0.758,0.092,2007
102385,-0.9965,0.08800000000000001,0.7979999999999999,0.114,2007
102388,0.9892,0.12,0.7979999999999999,0.083,2007
102392,-0.413,0.08800000000000001,0.828,0.085,2007
102412,0.3612,0.14300000000000002,0.792,0.065,2007
102422,0.9907,0.159,0.765,0.075,2007
102426,-0.9926,0.086,0.8109999999999999,0.10400000000000001,2007
102443,0.988,0.065,0.892,0.043,2007
102473,0.9792,0.113,0.818,0.069,2008
102595,0.872,0.128,0.794,0.078,2008
102623,0.9947,0.124,0.841,0.035,2008
102757,0.9989,0.114,0.8490000000000001,0.037000000000000005,2008
102877,0.9840000000000001,0.14,0.8140000000000001,0.046,2008
102889,0.9672,0.115,0.8290000000000001,0.055999999999999994,2008
102930,0.9849,0.134,0.8009999999999999,0.066,2008
102943,0.7734,0.10400000000000001,0.845,0.051,2008
102948,0.9274,0.08,0.903,0.018000000000000002,2008
102974,0.9657,0.10300000000000001,0.86,0.037000000000000005,2008
103068,0.9128,0.061,0.904,0.035,2008
103086,0.8525,0.055999999999999994,0.9129999999999999,0.031,2007
103110,0.981,0.132,0.8079999999999999,0.06,2007
103113,0.9981,0.078,0.893,0.03,2007
103197,-0.9744,0.095,0.8079999999999999,0.09699999999999999,2007
103205,-0.9987,0.121,0.731,0.149,2007
103227,0.937,0.135,0.77,0.096,2007
103234,0.9964,0.155,0.813,0.032,2007
103236,-0.9983,0.09,0.7929999999999999,0.11699999999999999,2007
103247,0.9764,0.138,0.77,0.092,2007
103294,0.9675,0.111,0.821,0.068,2007
103329,-0.9982,0.087,0.795,0.11800000000000001,2007
103367,0.9797,0.12300000000000001,0.8140000000000001,0.062,2007
103501,0.9944,0.157,0.8340000000000001,0.009000000000000001,2007
103561,-0.9997,0.079,0.763,0.158,2007
103592,0.9812,0.122,0.8,0.078,2007
103602,0.7929999999999999,0.136,0.7909999999999999,0.073,2007
103605,0.7003,0.068,0.92,0.012,2007
103663,0.9757,0.11199999999999999,0.851,0.036000000000000004,2007
103721,0.9355,0.096,0.8370000000000001,0.067,2007
103748,0.9472,0.09699999999999999,0.852,0.051,2007
103794,0.9985,0.166,0.804,0.03,2007
103803,0.9808,0.1,0.879,0.021,2007
103831,0.9913,0.24100000000000002,0.759,0.0,2007
103860,0.9964,0.165,0.787,0.048,2007
103868,0.9442,0.134,0.866,0.0,2007
103874,0.9596,0.14,0.759,0.10099999999999999,2007
103884,0.9912,0.18100000000000002,0.7170000000000001,0.10099999999999999,2007
103906,-0.8509,0.10099999999999999,0.7959999999999999,0.10300000000000001,2007
103941,0.8097,0.094,0.841,0.065,2007
103944,0.9937,0.113,0.8420000000000001,0.045,2007
103952,-0.9994,0.11199999999999999,0.728,0.16,2007
104039,-0.9894,0.068,0.823,0.109,2007
104084,0.9349,0.084,0.868,0.047,2007
104099,0.9902,0.139,0.789,0.07200000000000001,2007
104125,-0.9997,0.10099999999999999,0.733,0.166,2007
104144,-0.8464,0.075,0.838,0.087,2007
104147,0.9897,0.122,0.835,0.043,2007
104152,0.9890000000000001,0.145,0.805,0.05,2007
104209,-0.8613,0.057,0.8370000000000001,0.106,2007
104238,0.4866,0.046,0.922,0.031,2007
104303,0.8934,0.106,0.894,0.0,2007
104309,0.8892,0.107,0.8140000000000001,0.078,2007
104367,-0.6705,0.079,0.818,0.10300000000000001,2007
104425,0.9967,0.091,0.86,0.05,2007
104482,0.995,0.07200000000000001,0.885,0.043,2007
104495,0.9890000000000001,0.076,0.8690000000000001,0.054000000000000006,2007
104658,0.9576,0.131,0.831,0.037000000000000005,2009
104727,0.9408,0.09699999999999999,0.8390000000000001,0.064,2009
104777,0.9991,0.099,0.872,0.028999999999999998,2009
104781,0.9963,0.121,0.8440000000000001,0.035,2009
104803,0.8011,0.109,0.7829999999999999,0.10800000000000001,2009
104818,-0.9987,0.07200000000000001,0.727,0.201,2009
104860,0.9983,0.125,0.828,0.047,2009
104866,0.9986,0.125,0.8290000000000001,0.046,2009
104869,0.9171,0.182,0.7829999999999999,0.035,2009
104882,-0.9314,0.13699999999999998,0.619,0.244,2009
104903,0.9826,0.115,0.853,0.032,2009
104908,-0.7512,0.159,0.638,0.203,2009
104917,0.9949,0.11599999999999999,0.8440000000000001,0.04,2009
104959,0.9795,0.113,0.84,0.047,2009
105043,0.9926,0.07400000000000001,0.8909999999999999,0.036000000000000004,2009
105084,0.9253,0.106,0.816,0.078,2009
105157,0.9854,0.095,0.843,0.062,2009
105180,0.9977,0.10099999999999999,0.8640000000000001,0.035,2009
105222,0.9956,0.084,0.893,0.022000000000000002,2009
105260,0.938,0.09699999999999999,0.8240000000000001,0.079,2009
105288,0.9990000000000001,0.16399999999999998,0.78,0.055999999999999994,2009
105294,0.8834,0.1,0.83,0.07,2009
105359,0.9762,0.13699999999999998,0.7959999999999999,0.067,2009
105361,0.7914,0.129,0.755,0.11599999999999999,2009
105371,-0.655,0.08800000000000001,0.821,0.091,2009
105407,0.9767,0.09699999999999999,0.882,0.021,2009
105410,0.9676,0.126,0.799,0.076,2009
105440,-0.8133,0.073,0.802,0.124,2009
105454,-0.9004,0.069,0.7909999999999999,0.14,2009
105456,0.8104,0.11900000000000001,0.7809999999999999,0.1,2009
105470,-0.9098,0.096,0.789,0.115,2009
105491,-0.8566,0.044000000000000004,0.8909999999999999,0.064,2009
105550,0.9815,0.111,0.8540000000000001,0.036000000000000004,2009
105553,0.6477,0.07200000000000001,0.8590000000000001,0.068,2009
105605,0.9727,0.086,0.879,0.034,2009
105635,0.8854,0.086,0.905,0.009000000000000001,2009
105664,0.8974,0.079,0.914,0.006999999999999999,2009
105702,0.9899,0.096,0.862,0.042,2009
105736,0.9952,0.16,0.778,0.062,2009
105755,0.9964,0.087,0.88,0.032,2009
105757,0.9999,0.129,0.8059999999999999,0.065,2009
105859,0.9674,0.14400000000000002,0.765,0.091,2009
105919,0.9814,0.11599999999999999,0.82,0.064,2009
105977,0.9799,0.091,0.8540000000000001,0.055,2009
105982,0.99,0.20199999999999999,0.764,0.033,2009
106011,0.9938,0.156,0.802,0.042,2009
106043,-0.1695,0.08,0.8440000000000001,0.076,2009
106069,0.94,0.18600000000000003,0.7909999999999999,0.023,2009
106111,0.9798,0.14,0.8029999999999999,0.057,2009
106202,0.9027,0.213,0.787,0.0,2009
106365,0.9879,0.153,0.731,0.11599999999999999,2009
106377,0.9974,0.087,0.85,0.064,2009
106409,0.8669,0.128,0.818,0.054000000000000006,2009
106423,0.9973,0.201,0.7290000000000001,0.07,2009
106457,0.9936,0.163,0.805,0.032,2009
106458,0.963,0.11699999999999999,0.865,0.018000000000000002,2009
106483,0.9682,0.128,0.79,0.083,2009
106664,0.4186,0.11,0.799,0.091,2009
106765,-0.9991,0.114,0.735,0.151,2009
106799,-0.7319,0.094,0.81,0.096,2009
